{
	"format_version": "1.8.0",
	"animations": {
		"animation.butterfly.idle": {
			"loop": true,
			"bones": {
				"left_wing": {
					"rotation": [0, 0, 90]
				},
				"right_wing": {
					"rotation": [0, 0, -90]
				}
			}
		},
		"animation.butterfly.fly": {
			"loop": true,
			"animation_length": 1,
			"bones": {
				"left_wing": {
					"rotation": {
						"0.0": [0, 0, 87.5],
						"0.0417": [0, 0, 68.28827],
						"0.0833": [0, 0, -0.74614],
						"0.125": [0, 0, -25],
						"0.1667": [0, 0, -0.74614],
						"0.2083": [0, 0, 68.28827],
						"0.25": [0, 0, 87.5],
						"0.2917": [0, 0, 68.28827],
						"0.3333": [0, 0, -0.74614],
						"0.375": [0, 0, -25],
						"0.4167": [0, 0, -0.74614],
						"0.4583": [0, 0, 68.28827],
						"0.5": [0, 0, 87.5],
						"0.5417": [0, 0, 68.28827],
						"0.5833": [0, 0, -0.74614],
						"0.625": [0, 0, -25],
						"0.6667": [0, 0, -0.74614],
						"0.7083": [0, 0, 68.28827],
						"0.75": [0, 0, 87.5],
						"0.7917": [0, 0, 68.28827],
						"0.8333": [0, 0, -0.74614],
						"0.875": [0, 0, -25],
						"0.9167": [0, 0, -0.74614],
						"0.9583": [0, 0, 68.28827],
						"1.0": [0, 0, 87.5]
					}
				},
				"right_wing": {
					"rotation": {
						"0.0": [0, 0, -87.5],
						"0.0417": [0, 0, -68.28827],
						"0.0833": [0, 0, 0.74614],
						"0.125": [0, 0, 25],
						"0.1667": [0, 0, 0.74614],
						"0.2083": [0, 0, -68.28827],
						"0.25": [0, 0, -87.5],
						"0.2917": [0, 0, -68.28827],
						"0.3333": [0, 0, 0.74614],
						"0.375": [0, 0, 25],
						"0.4167": [0, 0, 0.74614],
						"0.4583": [0, 0, -68.28827],
						"0.5": [0, 0, -87.5],
						"0.5417": [0, 0, -68.28827],
						"0.5833": [0, 0, 0.74614],
						"0.625": [0, 0, 25],
						"0.6667": [0, 0, 0.74614],
						"0.7083": [0, 0, -68.28827],
						"0.75": [0, 0, -87.5],
						"0.7917": [0, 0, -68.28827],
						"0.8333": [0, 0, 0.74614],
						"0.875": [0, 0, 25],
						"0.9167": [0, 0, 0.74614],
						"0.9583": [0, 0, -68.28827],
						"1.0": [0, 0, -87.5]
					}
				},
				"body": {
					"rotation": {
						"0.0": [0, 0, 0],
						"0.1667": [0.59173, 0, 0],
						"0.3333": [2.28404, 0, 0],
						"0.375": [2.61337, 0, 0],
						"0.5": [3, 0, 0],
						"0.625": [2.61337, 0, 0],
						"0.7917": [0.9611, 0, 0],
						"0.9583": [0.03113, 0, 0],
						"1.0": [0, 0, 0]
					},
					"position": {
						"0.0": [0, 1, 0],
						"0.0417": [0, 1.01114, 0],
						"0.0833": [0, 1.04645, 0],
						"0.125": [0, 1.10871, 0],
						"0.1667": [0, 1.19948, 0],
						"0.2083": [0, 1.31742, 0],
						"0.3333": [0, 1.74073, 0],
						"0.375": [0, 1.8551, 0],
						"0.4167": [0, 1.9372, 0],
						"0.4583": [0, 1.98486, 0],
						"0.5": [0, 2, 0],
						"0.5417": [0, 1.98486, 0],
						"0.5833": [0, 1.9372, 0],
						"0.625": [0, 1.8551, 0],
						"0.6667": [0, 1.74073, 0],
						"0.7917": [0, 1.31742, 0],
						"0.8333": [0, 1.19948, 0],
						"0.875": [0, 1.10871, 0],
						"0.9167": [0, 1.04645, 0],
						"0.9583": [0, 1.01114, 0],
						"1.0": [0, 1, 0]
					}
				},
				"antennae": {
					"rotation": {
						"0.0": [12.5, 0, 0],
						"0.0417": [12.27292, 0, 0],
						"0.0833": [11.55796, 0, 0],
						"0.125": [10.32651, 0, 0],
						"0.1667": [8.611, 0, 0],
						"0.2083": [6.54163, 0, 0],
						"0.25": [4.34168, 0, 0],
						"0.2917": [2.26137, 0, 0],
						"0.3333": [0.49225, 0, 0],
						"0.375": [-0.86929, 0, 0],
						"0.4167": [-1.80321, 0, 0],
						"0.4583": [-2.33295, 0, 0],
						"0.5": [-2.5, 0, 0],
						"0.5417": [-2.33295, 0, 0],
						"0.5833": [-1.80321, 0, 0],
						"0.625": [-0.86929, 0, 0],
						"0.6667": [0.49225, 0, 0],
						"0.7083": [2.26137, 0, 0],
						"0.75": [4.34168, 0, 0],
						"0.7917": [6.54163, 0, 0],
						"0.8333": [8.611, 0, 0],
						"0.875": [10.32651, 0, 0],
						"0.9167": [11.55796, 0, 0],
						"0.9583": [12.27292, 0, 0],
						"1.0": [12.5, 0, 0]
					}
				},
				"legs_1": {
					"rotation": {
						"0.0": [0, 0, 0],
						"0.0417": [-0.11897, 0, 0],
						"0.0833": [-0.48067, 0, 0],
						"0.125": [-1.08688, 0, 0],
						"0.1667": [-1.92752, 0, 0],
						"0.2083": [-2.97481, 0, 0],
						"0.3333": [-6.71879, 0, 0],
						"0.375": [-7.84618, 0, 0],
						"0.4167": [-8.73566, 0, 0],
						"0.4583": [-9.30425, 0, 0],
						"0.5": [-9.5, 0, 0],
						"0.5417": [-9.30425, 0, 0],
						"0.5833": [-8.73566, 0, 0],
						"0.625": [-7.84618, 0, 0],
						"0.6667": [-6.71879, 0, 0],
						"0.7917": [-2.97481, 0, 0],
						"0.8333": [-1.92752, 0, 0],
						"0.875": [-1.08688, 0, 0],
						"0.9167": [-0.48067, 0, 0],
						"0.9583": [-0.11897, 0, 0],
						"1.0": [0, 0, 0]
					}
				},
				"legs_2": {
					"rotation": {
						"0.0": [0, 0, 0],
						"0.0417": [-0.11897, 0, 0],
						"0.0833": [-0.48067, 0, 0],
						"0.125": [-1.08688, 0, 0],
						"0.1667": [-1.92752, 0, 0],
						"0.2083": [-2.97481, 0, 0],
						"0.3333": [-6.71879, 0, 0],
						"0.375": [-7.84618, 0, 0],
						"0.4167": [-8.73566, 0, 0],
						"0.4583": [-9.30425, 0, 0],
						"0.5": [-9.5, 0, 0],
						"0.5417": [-9.30425, 0, 0],
						"0.5833": [-8.73566, 0, 0],
						"0.625": [-7.84618, 0, 0],
						"0.6667": [-6.71879, 0, 0],
						"0.7917": [-2.97481, 0, 0],
						"0.8333": [-1.92752, 0, 0],
						"0.875": [-1.08688, 0, 0],
						"0.9167": [-0.48067, 0, 0],
						"0.9583": [-0.11897, 0, 0],
						"1.0": [0, 0, 0]
					}
				},
				"legs_3": {
					"rotation": {
						"0.0": [0, 0, 0],
						"0.0417": [-0.11897, 0, 0],
						"0.0833": [-0.48067, 0, 0],
						"0.125": [-1.08688, 0, 0],
						"0.1667": [-1.92752, 0, 0],
						"0.2083": [-2.97481, 0, 0],
						"0.3333": [-6.71879, 0, 0],
						"0.375": [-7.84618, 0, 0],
						"0.4167": [-8.73566, 0, 0],
						"0.4583": [-9.30425, 0, 0],
						"0.5": [-9.5, 0, 0],
						"0.5417": [-9.30425, 0, 0],
						"0.5833": [-8.73566, 0, 0],
						"0.625": [-7.84618, 0, 0],
						"0.6667": [-6.71879, 0, 0],
						"0.7917": [-2.97481, 0, 0],
						"0.8333": [-1.92752, 0, 0],
						"0.875": [-1.08688, 0, 0],
						"0.9167": [-0.48067, 0, 0],
						"0.9583": [-0.11897, 0, 0],
						"1.0": [0, 0, 0]
					}
				}
			}
		}
	}
}