{
	"format_version": "1.8.0",
	"animations": {
		"animation.dragonfly.idle": {
			"loop": true
		},
		"animation.dragonfly.fly": {
			"loop": true,
			"animation_length": 1,
			"bones": {
				"body": {
					"position": {
						"0.0": [0, 1, 0],
						"0.0417": [0, 1.00557, 0],
						"0.0833": [0, 1.02323, 0],
						"0.125": [0, 1.05436, 0],
						"0.1667": [0, 1.09974, 0],
						"0.2083": [0, 1.15871, 0],
						"0.3333": [0, 1.37037, 0],
						"0.375": [0, 1.42755, 0],
						"0.4167": [0, 1.4686, 0],
						"0.4583": [0, 1.49243, 0],
						"0.5": [0, 1.5, 0],
						"0.5417": [0, 1.49243, 0],
						"0.5833": [0, 1.4686, 0],
						"0.625": [0, 1.42755, 0],
						"0.6667": [0, 1.37037, 0],
						"0.7917": [0, 1.15871, 0],
						"0.8333": [0, 1.09974, 0],
						"0.875": [0, 1.05436, 0],
						"0.9167": [0, 1.02323, 0],
						"0.9583": [0, 1.00557, 0],
						"1.0": [0, 1, 0]
					}
				},
				"legs_1": {
					"rotation": {
						"0.0": [0, 0, 0],
						"0.0417": [-0.11896, 0, 0],
						"0.0833": [-0.48066, 0, 0],
						"0.125": [-1.08686, 0, 0],
						"0.1667": [-1.9275, 0, 0],
						"0.2083": [-2.9748, 0, 0],
						"0.3333": [-6.71881, 0, 0],
						"0.375": [-7.84621, 0, 0],
						"0.4167": [-8.73567, 0, 0],
						"0.4583": [-9.30425, 0, 0],
						"0.5": [-9.5, 0, 0],
						"0.5417": [-9.30425, 0, 0],
						"0.5833": [-8.73567, 0, 0],
						"0.625": [-7.84621, 0, 0],
						"0.6667": [-6.71881, 0, 0],
						"0.7917": [-2.9748, 0, 0],
						"0.8333": [-1.9275, 0, 0],
						"0.875": [-1.08686, 0, 0],
						"0.9167": [-0.48066, 0, 0],
						"0.9583": [-0.11896, 0, 0],
						"1.0": [0, 0, 0]
					}
				},
				"legs_2": {
					"rotation": {
						"0.0": [0, 0, 0],
						"0.0417": [-0.11896, 0, 0],
						"0.0833": [-0.48066, 0, 0],
						"0.125": [-1.08686, 0, 0],
						"0.1667": [-1.9275, 0, 0],
						"0.2083": [-2.9748, 0, 0],
						"0.3333": [-6.71881, 0, 0],
						"0.375": [-7.84621, 0, 0],
						"0.4167": [-8.73567, 0, 0],
						"0.4583": [-9.30425, 0, 0],
						"0.5": [-9.5, 0, 0],
						"0.5417": [-9.30425, 0, 0],
						"0.5833": [-8.73567, 0, 0],
						"0.625": [-7.84621, 0, 0],
						"0.6667": [-6.71881, 0, 0],
						"0.7917": [-2.9748, 0, 0],
						"0.8333": [-1.9275, 0, 0],
						"0.875": [-1.08686, 0, 0],
						"0.9167": [-0.48066, 0, 0],
						"0.9583": [-0.11896, 0, 0],
						"1.0": [0, 0, 0]
					}
				},
				"legs_3": {
					"rotation": {
						"0.0": [0, 0, 0],
						"0.0417": [-0.11896, 0, 0],
						"0.0833": [-0.48066, 0, 0],
						"0.125": [-1.08686, 0, 0],
						"0.1667": [-1.9275, 0, 0],
						"0.2083": [-2.9748, 0, 0],
						"0.3333": [-6.71881, 0, 0],
						"0.375": [-7.84621, 0, 0],
						"0.4167": [-8.73567, 0, 0],
						"0.4583": [-9.30425, 0, 0],
						"0.5": [-9.5, 0, 0],
						"0.5417": [-9.30425, 0, 0],
						"0.5833": [-8.73567, 0, 0],
						"0.625": [-7.84621, 0, 0],
						"0.6667": [-6.71881, 0, 0],
						"0.7917": [-2.9748, 0, 0],
						"0.8333": [-1.9275, 0, 0],
						"0.875": [-1.08686, 0, 0],
						"0.9167": [-0.48066, 0, 0],
						"0.9583": [-0.11896, 0, 0],
						"1.0": [0, 0, 0]
					}
				},
				"right_wing_1": {
					"rotation": {
						"0.0": [0, 0, -42.5],
						"0.0417": [0, 0, -11.75202],
						"0.0833": [0, 0, 25],
						"0.125": [0, 0, -11.75202],
						"0.1667": [0, 0, -42.5],
						"0.2083": [0, 0, -11.75202],
						"0.25": [0, 0, 25],
						"0.2917": [0, 0, -11.75202],
						"0.3333": [0, 0, -42.5],
						"0.375": [0, 0, -11.75202],
						"0.4167": [0, 0, 25],
						"0.4583": [0, 0, -11.75202],
						"0.5": [0, 0, -42.5],
						"0.5417": [0, 0, -11.75202],
						"0.5833": [0, 0, 25],
						"0.625": [0, 0, -11.75202],
						"0.6667": [0, 0, -42.5],
						"0.7083": [0, 0, -11.75202],
						"0.75": [0, 0, 25],
						"0.7917": [0, 0, -11.75202],
						"0.8333": [0, 0, -42.5],
						"0.875": [0, 0, -11.75202],
						"0.9167": [0, 0, 25],
						"0.9583": [0, 0, -11.75202],
						"1.0": [0, 0, -42.5]
					}
				},
				"right_wing_2": {
					"rotation": {
						"0.0": [0, 0, -42.5],
						"0.0417": [0, 0, -11.75202],
						"0.0833": [0, 0, 25],
						"0.125": [0, 0, -11.75202],
						"0.1667": [0, 0, -42.5],
						"0.2083": [0, 0, -11.75202],
						"0.25": [0, 0, 25],
						"0.2917": [0, 0, -11.75202],
						"0.3333": [0, 0, -42.5],
						"0.375": [0, 0, -11.75202],
						"0.4167": [0, 0, 25],
						"0.4583": [0, 0, -11.75202],
						"0.5": [0, 0, -42.5],
						"0.5417": [0, 0, -11.75202],
						"0.5833": [0, 0, 25],
						"0.625": [0, 0, -11.75202],
						"0.6667": [0, 0, -42.5],
						"0.7083": [0, 0, -11.75202],
						"0.75": [0, 0, 25],
						"0.7917": [0, 0, -11.75202],
						"0.8333": [0, 0, -42.5],
						"0.875": [0, 0, -11.75202],
						"0.9167": [0, 0, 25],
						"0.9583": [0, 0, -11.75202],
						"1.0": [0, 0, -42.5]
					}
				},
				"left_wing_2": {
					"rotation": {
						"0.0": [0, 0, 42.5],
						"0.0417": [0, 0, 11.75202],
						"0.0833": [0, 0, -25],
						"0.125": [0, 0, 11.75202],
						"0.1667": [0, 0, 42.5],
						"0.2083": [0, 0, 11.75202],
						"0.25": [0, 0, -25],
						"0.2917": [0, 0, 11.75202],
						"0.3333": [0, 0, 42.5],
						"0.375": [0, 0, 11.75202],
						"0.4167": [0, 0, -25],
						"0.4583": [0, 0, 11.75202],
						"0.5": [0, 0, 42.5],
						"0.5417": [0, 0, 11.75202],
						"0.5833": [0, 0, -25],
						"0.625": [0, 0, 11.75202],
						"0.6667": [0, 0, 42.5],
						"0.7083": [0, 0, 11.75202],
						"0.75": [0, 0, -25],
						"0.7917": [0, 0, 11.75202],
						"0.8333": [0, 0, 42.5],
						"0.875": [0, 0, 11.75202],
						"0.9167": [0, 0, -25],
						"0.9583": [0, 0, 11.75202],
						"1.0": [0, 0, 42.5]
					}
				},
				"left_wing_1": {
					"rotation": {
						"0.0": [0, 0, 42.5],
						"0.0417": [0, 0, 11.75202],
						"0.0833": [0, 0, -25],
						"0.125": [0, 0, 11.75202],
						"0.1667": [0, 0, 42.5],
						"0.2083": [0, 0, 11.75202],
						"0.25": [0, 0, -25],
						"0.2917": [0, 0, 11.75202],
						"0.3333": [0, 0, 42.5],
						"0.375": [0, 0, 11.75202],
						"0.4167": [0, 0, -25],
						"0.4583": [0, 0, 11.75202],
						"0.5": [0, 0, 42.5],
						"0.5417": [0, 0, 11.75202],
						"0.5833": [0, 0, -25],
						"0.625": [0, 0, 11.75202],
						"0.6667": [0, 0, 42.5],
						"0.7083": [0, 0, 11.75202],
						"0.75": [0, 0, -25],
						"0.7917": [0, 0, 11.75202],
						"0.8333": [0, 0, 42.5],
						"0.875": [0, 0, 11.75202],
						"0.9167": [0, 0, -25],
						"0.9583": [0, 0, 11.75202],
						"1.0": [0, 0, 42.5]
					}
				}
			}
		}
	}
}