{
	"format_version": "1.8.0",
	"animations": {
		"animation.giraffe.idle": {
			"loop": true
		},
		"animation.giraffe.walk": {
			"loop": true,
			"animation_length": 1,
			"bones": {
				"head": {
					"rotation": {
						"0.0": [-5, 0, 0],
						"0.0417": [-4.74825, 0, -0.10884],
						"0.0833": [-3.73321, 0, -0.6479],
						"0.125": [-1.45318, 0, -1.8521],
						"0.1667": [0.73608, 0, -2.39116],
						"0.2083": [1.3, 0, -2.5],
						"0.25": [0.88943, 0, -2.40865],
						"0.2917": [-0.2035, 0, -2.1029],
						"0.3333": [-1.63909, 0, -1.57085],
						"0.375": [-3.03509, 0, -0.92915],
						"0.4167": [-4.12331, 0, -0.3971],
						"0.4583": [-4.78451, 0, -0.09135],
						"0.5": [-5, 0, 0],
						"0.5417": [-4.74825, 0, -0.10884],
						"0.5833": [-3.73321, 0, -0.6479],
						"0.625": [-1.45318, 0, -1.8521],
						"0.6667": [0.73608, 0, -2.39116],
						"0.7083": [1.3, 0, -2.5],
						"0.75": [0.88943, 0, -2.40865],
						"0.7917": [-0.2035, 0, -2.1029],
						"0.8333": [-1.63909, 0, -1.57085],
						"0.875": [-3.03509, 0, -0.92915],
						"0.9167": [-4.12331, 0, -0.3971],
						"0.9583": [-4.78451, 0, -0.09135],
						"1.0": [-5, 0, 0]
					}
				},
				"body": {
					"rotation": {
						"0.0": [2.5, 0, 0],
						"0.0417": [2.34903, 0, -1.3099],
						"0.125": [1.5846, 0, -2.03608],
						"0.1667": [0.28667, 0, -2.39527],
						"0.2083": [0, 0, -2.5],
						"0.2917": [0.22661, 0, -2.40353],
						"0.3333": [0.9875, 0, -2.11205],
						"0.375": [1.8757, 0, -1.61895],
						"0.4583": [2.36706, 0, -0.911],
						"0.5": [2.5, 0, 0],
						"0.5417": [2.35092, 0, 1.3355],
						"0.625": [1.5741, 0, 2.05102],
						"0.6667": [0.29031, 0, 2.39939],
						"0.7083": [0, 0, 2.5],
						"0.75": [0.19408, 0, 2.40707],
						"0.8333": [0.9361, 0, 2.12307],
						"0.875": [1.85271, 0, 1.63639],
						"0.9167": [2.36318, 0, 0.92767],
						"1.0": [2.5, 0, 0]
					}
				},
				"left_leg_1": {
					"rotation": {
						"0.0": [37.5, 0, 0],
						"0.0417": [36.98174, 0, 0],
						"0.0833": [35.26511, 0, 0],
						"0.125": [32.04228, 0, 0],
						"0.1667": [26.91862, 0, 0],
						"0.2083": [19.43628, 0, 0],
						"0.25": [9.31679, 0, 0],
						"0.3333": [-14.94481, 0, 0],
						"0.375": [-24.54296, 0, 0],
						"0.4167": [-30.78123, 0, 0],
						"0.4583": [-34.04467, 0, 0],
						"0.5": [-35, 0, 0],
						"0.5417": [-33.96743, 0, 0],
						"0.5833": [-29.88678, 0, 0],
						"0.625": [-20.22649, 0, 0],
						"0.6667": [-3.78251, 0, 0],
						"0.7083": [11.32068, 0, 0],
						"0.75": [21.25675, 0, 0],
						"0.7917": [27.67965, 0, 0],
						"0.8333": [31.90235, 0, 0],
						"0.875": [34.64848, 0, 0],
						"0.9167": [36.33773, 0, 0],
						"0.9583": [37.23071, 0, 0],
						"1.0": [37.5, 0, 0]
					},
					"position": {
						"0.0": [0, 0.35, 0],
						"0.0417": [0, 0.43394, 0],
						"0.1667": [0, 0.83056, 0],
						"0.2083": [0, 0.9, 0],
						"0.2917": [0, 0.82682, 0],
						"0.3333": [0, 0.66621, 0],
						"0.375": [0, 0.4641, 0],
						"0.4583": [0, 0.25121, 0],
						"0.5": [0, 0.1, 0],
						"0.625": [0, 0.03542, 0],
						"0.6667": [0, 0.01831, 0],
						"0.7083": [0, 0.02, 0],
						"0.75": [0, 0.05498, 0],
						"0.8333": [0, 0.1695, 0],
						"0.875": [0, 0.35, 0],
						"0.9167": [0, 0.36105, 0],
						"1.0": [0, 0.35, 0]
					}
				},
				"right_leg_1": {
					"rotation": {
						"0.0": [-35, 0, 0],
						"0.0417": [-33.96743, 0, 0],
						"0.0833": [-29.88678, 0, 0],
						"0.125": [-20.22649, 0, 0],
						"0.1667": [-3.78251, 0, 0],
						"0.2083": [11.32068, 0, 0],
						"0.25": [21.25675, 0, 0],
						"0.2917": [27.67965, 0, 0],
						"0.3333": [31.90235, 0, 0],
						"0.375": [34.64848, 0, 0],
						"0.4167": [36.33773, 0, 0],
						"0.4583": [37.23071, 0, 0],
						"0.5": [37.5, 0, 0],
						"0.5417": [37.23071, 0, 0],
						"0.5833": [36.33773, 0, 0],
						"0.625": [34.64848, 0, 0],
						"0.6667": [31.90235, 0, 0],
						"0.7083": [27.67965, 0, 0],
						"0.75": [21.25675, 0, 0],
						"0.7917": [11.32068, 0, 0],
						"0.8333": [-3.78251, 0, 0],
						"0.875": [-20.22649, 0, 0],
						"0.9167": [-29.88678, 0, 0],
						"0.9583": [-33.96743, 0, 0],
						"1.0": [-35, 0, 0]
					},
					"position": {
						"0.0": [0, 0.1, 0],
						"0.125": [0, 0.03542, 0],
						"0.1667": [0, 0.01831, 0],
						"0.2083": [0, 0.02, 0],
						"0.2917": [0, 0.05498, 0],
						"0.3333": [0, 0.1695, 0],
						"0.375": [0, 0.35, 0],
						"0.4583": [0, 0.36105, 0],
						"0.5": [0, 0.35, 0],
						"0.5417": [0, 0.52205, 0],
						"0.625": [0, 0.70662, 0],
						"0.6667": [0, 0.84366, 0],
						"0.7083": [0, 0.9, 0],
						"0.75": [0, 0.82682, 0],
						"0.8333": [0, 0.66621, 0],
						"0.875": [0, 0.4641, 0],
						"0.9167": [0, 0.25121, 0],
						"1.0": [0, 0.1, 0]
					}
				},
				"left_leg_2": {
					"rotation": {
						"0.0": [-35, 0, 0],
						"0.0417": [-33.96743, 0, 0],
						"0.0833": [-29.88678, 0, 0],
						"0.125": [-20.22649, 0, 0],
						"0.1667": [-3.78251, 0, 0],
						"0.2083": [11.32068, 0, 0],
						"0.25": [21.25675, 0, 0],
						"0.2917": [27.67965, 0, 0],
						"0.3333": [31.90235, 0, 0],
						"0.375": [34.64848, 0, 0],
						"0.4167": [36.33773, 0, 0],
						"0.4583": [37.23071, 0, 0],
						"0.5": [37.5, 0, 0],
						"0.5417": [37.23071, 0, 0],
						"0.5833": [36.33773, 0, 0],
						"0.625": [34.64848, 0, 0],
						"0.6667": [31.90235, 0, 0],
						"0.7083": [27.67965, 0, 0],
						"0.75": [21.25675, 0, 0],
						"0.7917": [11.32068, 0, 0],
						"0.8333": [-3.78251, 0, 0],
						"0.875": [-20.22649, 0, 0],
						"0.9167": [-29.88678, 0, 0],
						"0.9583": [-33.96743, 0, 0],
						"1.0": [-35, 0, 0]
					},
					"position": {
						"0.0": [0, 0.1, 0],
						"0.125": [0, 0.03542, 0],
						"0.1667": [0, 0.01831, 0],
						"0.2083": [0, 0.02, 0],
						"0.2917": [0, 0.05498, 0],
						"0.3333": [0, 0.1695, 0],
						"0.375": [0, 0.35, 0],
						"0.4583": [0, 0.36105, 0],
						"0.5": [0, 0.35, 0],
						"0.5417": [0, 0.52205, 0],
						"0.625": [0, 0.70662, 0],
						"0.6667": [0, 0.84366, 0],
						"0.7083": [0, 0.9, 0],
						"0.75": [0, 0.82682, 0],
						"0.8333": [0, 0.66621, 0],
						"0.875": [0, 0.4641, 0],
						"0.9167": [0, 0.25121, 0],
						"1.0": [0, 0.1, 0]
					}
				},
				"right_leg_2": {
					"rotation": {
						"0.0": [37.5, 0, 0],
						"0.0417": [36.98174, 0, 0],
						"0.0833": [35.26511, 0, 0],
						"0.125": [32.04228, 0, 0],
						"0.1667": [26.91862, 0, 0],
						"0.2083": [19.43628, 0, 0],
						"0.25": [9.31679, 0, 0],
						"0.3333": [-14.94481, 0, 0],
						"0.375": [-24.54296, 0, 0],
						"0.4167": [-30.78123, 0, 0],
						"0.4583": [-34.04467, 0, 0],
						"0.5": [-35, 0, 0],
						"0.5417": [-33.96743, 0, 0],
						"0.5833": [-29.88678, 0, 0],
						"0.625": [-20.22649, 0, 0],
						"0.6667": [-3.78251, 0, 0],
						"0.7083": [11.32068, 0, 0],
						"0.75": [21.25675, 0, 0],
						"0.7917": [27.67965, 0, 0],
						"0.8333": [31.90235, 0, 0],
						"0.875": [34.64848, 0, 0],
						"0.9167": [36.33773, 0, 0],
						"0.9583": [37.23071, 0, 0],
						"1.0": [37.5, 0, 0]
					},
					"position": {
						"0.0": [0, 0.35, 0],
						"0.0417": [0, 0.43394, 0],
						"0.1667": [0, 0.83056, 0],
						"0.2083": [0, 0.9, 0],
						"0.2917": [0, 0.82682, 0],
						"0.3333": [0, 0.66621, 0],
						"0.375": [0, 0.4641, 0],
						"0.4583": [0, 0.25121, 0],
						"0.5": [0, 0.1, 0],
						"0.625": [0, 0.03542, 0],
						"0.6667": [0, 0.01831, 0],
						"0.7083": [0, 0.02, 0],
						"0.75": [0, 0.05498, 0],
						"0.8333": [0, 0.1695, 0],
						"0.875": [0, 0.35, 0],
						"0.9167": [0, 0.36105, 0],
						"1.0": [0, 0.35, 0]
					}
				}
			}
		}
	}
}