{
	"format_version": "1.8.0",
	"animations": {
		"animation.hippopotamus.idle": {
			"loop": true
		},
		"animation.hippopotamus.idle_lay": {
			"loop": true,
			"bones": {
				"body": {
					"position": [0, -8, 0]
				},
				"left_leg_2": {
					"rotation": [89.54043, -50.49343, -172.21755],
					"position": [2, 2, 0]
				},
				"right_leg_2": {
					"rotation": [89.54043, 50.49343, 172.21755],
					"position": [-2, 2, 0]
				},
				"left_leg_1": {
					"rotation": [-89.37716, -62.00426, 6.87791],
					"position": [2, 2, 0]
				},
				"right_leg_1": {
					"rotation": [-89.37716, 62.00426, -6.87791],
					"position": [-2, 2, 0]
				},
				"head": {
					"rotation": [10, 0, 0],
					"position": [0, -7, -1]
				}
			}
		},
		"animation.hippopotamus.attack_1": {
			"animation_length": 0.5833,
			"bones": {
				"body": {
					"rotation": {
						"0.0": [0, 0, 0],
						"0.0417": [-0.39449, 0.03904, 0.26824],
						"0.0833": [-1.44088, 0.15542, 0.99501],
						"0.125": [-2.95067, 0.32591, 2.05011],
						"0.2083": [-6.46801, 0.61277, 4.39254],
						"0.25": [-7.47178, 0.65182, 4.95744],
						"0.2917": [-5.52561, 0.58465, 3.93473],
						"0.3333": [-1.49588, 0.06717, 1.09611],
						"0.375": [0, 0, 0],
						"0.5": [0, 0, 0]
					},
					"position": {
						"0.0": [0, 0, 0],
						"0.0417": [0, 0.02995, 0],
						"0.0833": [0, 0.11922, 0],
						"0.1667": [0, 0.38078, 0],
						"0.2083": [0, 0.47005, 0],
						"0.25": [0, 0.5, 0],
						"0.2917": [0, 0.47005, 0],
						"0.3333": [0, 0.38078, 0],
						"0.4167": [0, 0.11922, 0],
						"0.4583": [0, 0.02995, 0],
						"0.5": [0, 0, 0]
					}
				},
				"left_leg_2": {
					"rotation": {
						"0.0": [0, 0, 0],
						"0.0417": [0.2995, 0, 0],
						"0.0833": [1.19218, 0, 0],
						"0.1667": [3.80782, 0, 0],
						"0.2083": [4.7005, 0, 0],
						"0.25": [5, 0, 0],
						"0.2917": [4.48475, 0, 0],
						"0.3333": [0.51525, 0, 0],
						"0.375": [0, 0, 0]
					}
				},
				"right_leg_2": {
					"rotation": {
						"0.0": [0, 0, 0],
						"0.0417": [0.2995, 0, 0],
						"0.0833": [1.19218, 0, 0],
						"0.1667": [3.80782, 0, 0],
						"0.2083": [4.7005, 0, 0],
						"0.25": [5, 0, 0],
						"0.2917": [4.48475, 0, 0],
						"0.3333": [0.51525, 0, 0],
						"0.375": [0, 0, 0]
					}
				},
				"left_leg_1": {
					"rotation": {
						"0.0": [0, 0, 0],
						"0.0417": [-0.74874, 0, 0],
						"0.0833": [-2.98045, 0, 0],
						"0.1667": [-9.51955, 0, 0],
						"0.2083": [-11.75126, 0, 0],
						"0.25": [-12.5, 0, 0],
						"0.2917": [-11.21186, 0, 0],
						"0.3333": [-1.28814, 0, 0],
						"0.375": [0, 0, 0]
					}
				},
				"right_leg_1": {
					"rotation": {
						"0.0": [0, 0, 0],
						"0.0417": [-0.74874, 0, 0],
						"0.0833": [-2.98045, 0, 0],
						"0.1667": [-9.51955, 0, 0],
						"0.2083": [-11.75126, 0, 0],
						"0.25": [-12.5, 0, 0],
						"0.2917": [-11.21186, 0, 0],
						"0.3333": [-1.28814, 0, 0],
						"0.375": [0, 0, 0]
					}
				},
				"head": {
					"rotation": {
						"0.0": [0, 0, 0],
						"0.0417": [-0.65126, -0.47323, 1.04184],
						"0.0833": [-2.58754, -1.99829, 4.04476],
						"0.125": [-5.66729, -4.53457, 8.73333],
						"0.1667": [-9.51785, -7.52494, 14.64708],
						"0.2083": [-13.45885, -10.06122, 21.02553],
						"0.25": [-16.53682, -11.58628, 26.59821],
						"0.2917": [-17.74981, -12.05951, 29.18562],
						"0.3333": [-12.8493, -11.2957, 28.00821],
						"0.375": [10.39797, -0.76381, 22.79631],
						"0.4167": [32.5, 0, 13.5],
						"0.4583": [20.54675, 0, 4.92035],
						"0.5": [6.95874, 0, 1.40169],
						"0.5417": [1.40039, 0, 0.26171],
						"0.5833": [0, 0, 0]
					}
				},
				"upper_jaw": {
					"rotation": {
						"0.0": [0, 0, 0],
						"0.0417": [-2.09647, 0, 0],
						"0.0833": [-8.34525, 0, 0],
						"0.1667": [-26.65475, 0, 0],
						"0.2083": [-32.90353, 0, 0],
						"0.25": [-35, 0, 0],
						"0.2917": [-31.39322, 0, 0],
						"0.3333": [-3.60678, 0, 0],
						"0.375": [0, 0, 0]
					}
				},
				"lower_jaw": {
					"rotation": {
						"0.0": [0, 0, 0],
						"0.0417": [4.49243, 0, 0],
						"0.0833": [17.88269, 0, 0],
						"0.1667": [57.11731, 0, 0],
						"0.2083": [70.50757, 0, 0],
						"0.25": [75, 0, 0],
						"0.2917": [67.27119, 0, 0],
						"0.3333": [7.72881, 0, 0],
						"0.375": [0, 0, 0]
					}
				}
			}
		},
		"animation.hippopotamus.attack_2": {
			"animation_length": 0.5833,
			"bones": {
				"body": {
					"rotation": {
						"0.0": [0, 0, 0],
						"0.0417": [-0.39449, -0.03904, -0.26824],
						"0.0833": [-1.44088, -0.15542, -0.99501],
						"0.125": [-2.95067, -0.32591, -2.05011],
						"0.2083": [-6.46801, -0.61277, -4.39254],
						"0.25": [-7.47178, -0.65182, -4.95744],
						"0.2917": [-5.52561, -0.58465, -3.93473],
						"0.3333": [-1.49588, -0.06717, -1.09611],
						"0.375": [0, 0, 0],
						"0.5": [0, 0, 0]
					},
					"position": {
						"0.0": [0, 0, 0],
						"0.0417": [0, 0.02995, 0],
						"0.0833": [0, 0.11922, 0],
						"0.1667": [0, 0.38078, 0],
						"0.2083": [0, 0.47005, 0],
						"0.25": [0, 0.5, 0],
						"0.2917": [0, 0.47005, 0],
						"0.3333": [0, 0.38078, 0],
						"0.4167": [0, 0.11922, 0],
						"0.4583": [0, 0.02995, 0],
						"0.5": [0, 0, 0]
					}
				},
				"left_leg_2": {
					"rotation": {
						"0.0": [0, 0, 0],
						"0.0417": [0.2995, 0, 0],
						"0.0833": [1.19218, 0, 0],
						"0.1667": [3.80782, 0, 0],
						"0.2083": [4.7005, 0, 0],
						"0.25": [5, 0, 0],
						"0.2917": [4.48475, 0, 0],
						"0.3333": [0.51525, 0, 0],
						"0.375": [0, 0, 0]
					}
				},
				"right_leg_2": {
					"rotation": {
						"0.0": [0, 0, 0],
						"0.0417": [0.2995, 0, 0],
						"0.0833": [1.19218, 0, 0],
						"0.1667": [3.80782, 0, 0],
						"0.2083": [4.7005, 0, 0],
						"0.25": [5, 0, 0],
						"0.2917": [4.48475, 0, 0],
						"0.3333": [0.51525, 0, 0],
						"0.375": [0, 0, 0]
					}
				},
				"left_leg_1": {
					"rotation": {
						"0.0": [0, 0, 0],
						"0.0417": [-0.74874, 0, 0],
						"0.0833": [-2.98045, 0, 0],
						"0.1667": [-9.51955, 0, 0],
						"0.2083": [-11.75126, 0, 0],
						"0.25": [-12.5, 0, 0],
						"0.2917": [-11.21186, 0, 0],
						"0.3333": [-1.28814, 0, 0],
						"0.375": [0, 0, 0]
					}
				},
				"right_leg_1": {
					"rotation": {
						"0.0": [0, 0, 0],
						"0.0417": [-0.74874, 0, 0],
						"0.0833": [-2.98045, 0, 0],
						"0.1667": [-9.51955, 0, 0],
						"0.2083": [-11.75126, 0, 0],
						"0.25": [-12.5, 0, 0],
						"0.2917": [-11.21186, 0, 0],
						"0.3333": [-1.28814, 0, 0],
						"0.375": [0, 0, 0]
					}
				},
				"head": {
					"rotation": {
						"0.0": [0, 0, 0],
						"0.0417": [-0.65126, 0.47323, -1.04184],
						"0.0833": [-2.58754, 1.99829, -4.04476],
						"0.125": [-5.66729, 4.53457, -8.73333],
						"0.1667": [-9.51785, 7.52494, -14.64708],
						"0.2083": [-13.45885, 10.06122, -21.02553],
						"0.25": [-16.53682, 11.58628, -26.59821],
						"0.2917": [-17.74981, 12.05951, -29.18562],
						"0.3333": [-12.8493, 11.2957, -28.00821],
						"0.375": [10.39797, 0.76381, -22.79631],
						"0.4167": [32.5, 0, -13.5],
						"0.4583": [20.54675, 0, -4.92035],
						"0.5": [6.95874, 0, -1.40169],
						"0.5417": [1.40039, 0, -0.26171],
						"0.5833": [0, 0, 0]
					}
				},
				"upper_jaw": {
					"rotation": {
						"0.0": [0, 0, 0],
						"0.0417": [-2.09647, 0, 0],
						"0.0833": [-8.34525, 0, 0],
						"0.1667": [-26.65475, 0, 0],
						"0.2083": [-32.90353, 0, 0],
						"0.25": [-35, 0, 0],
						"0.2917": [-31.39322, 0, 0],
						"0.3333": [-3.60678, 0, 0],
						"0.375": [0, 0, 0]
					}
				},
				"lower_jaw": {
					"rotation": {
						"0.0": [0, 0, 0],
						"0.0417": [4.49243, 0, 0],
						"0.0833": [17.88269, 0, 0],
						"0.1667": [57.11731, 0, 0],
						"0.2083": [70.50757, 0, 0],
						"0.25": [75, 0, 0],
						"0.2917": [67.27119, 0, 0],
						"0.3333": [7.72881, 0, 0],
						"0.375": [0, 0, 0]
					}
				}
			}
		},
		"animation.hippopotamus.walk": {
			"loop": true,
			"animation_length": 1.5,