{
	"format_version": "1.8.0",
	"animations": {
		"animation.hippopotamus.idle": {
			"loop": true
		},
		"animation.hippopotamus.walk": {
			"loop": true,
			"animation_length": 1.75,
			"bones": {
				"body": {
					"rotation": {
						"0.0": [2.5, 0, 0],
						"0.0833": [2.34903, 0, -1.3099],
						"0.2083": [1.5846, 0, -2.03608],
						"0.2917": [0.28667, 0, -2.39527],
						"0.375": [0, 0, -2.5],
						"0.5": [0.22661, 0, -2.40353],
						"0.5833": [0.9875, 0, -2.11205],
						"0.6667": [1.8757, 0, -1.61895],
						"0.7917": [2.36706, 0, -0.911],
						"0.875": [2.5, 0, 0],
						"0.9583": [2.35092, 0, 1.3355],
						"1.0833": [1.5741, 0, 2.05102],
						"1.1667": [0.29031, 0, 2.39939],
						"1.25": [0, 0, 2.5],
						"1.2917": [0.19408, 0, 2.40707],
						"1.4583": [0.9361, 0, 2.12307],
						"1.5417": [1.85271, 0, 1.63639],
						"1.5833": [2.36318, 0, 0.92767],
						"1.75": [2.5, 0, 0]
					}
				},
				"left_leg_2": {
					"rotation": {
						"0.0": [-35, 0, 0],
						"0.0833": [-33.96743, 0, 0],
						"0.125": [-29.88678, 0, 0],
						"0.2083": [-20.22649, 0, 0],
						"0.2917": [-3.78251, 0, 0],
						"0.375": [11.32068, 0, 0],
						"0.4167": [21.25675, 0, 0],
						"0.5": [27.67965, 0, 0],
						"0.5833": [31.90235, 0, 0],
						"0.6667": [34.64848, 0, 0],
						"0.7083": [36.33773, 0, 0],
						"0.7917": [37.23071, 0, 0],
						"0.875": [37.5, 0, 0],
						"0.9583": [37.23071, 0, 0],
						"1.0": [36.33773, 0, 0],
						"1.0833": [34.64848, 0, 0],
						"1.1667": [31.90235, 0, 0],
						"1.25": [27.67965, 0, 0],
						"1.2917": [21.25675, 0, 0],
						"1.375": [11.32068, 0, 0],
						"1.4583": [-3.78251, 0, 0],
						"1.5417": [-20.22649, 0, 0],
						"1.5833": [-29.88678, 0, 0],
						"1.6667": [-33.96743, 0, 0],
						"1.75": [-35, 0, 0]
					},
					"position": {
						"0.0": [0, 0.1, 0],
						"0.2083": [0, 0.03542, 0],
						"0.2917": [0, 0.01831, 0],
						"0.375": [0, 0.02, 0],
						"0.5": [0, 0.05498, 0],
						"0.5833": [0, 0.1695, 0],
						"0.6667": [0, 0.35, 0],
						"0.7917": [0, 0.36105, 0],
						"0.875": [0, 0.35, 0],
						"0.9583": [0, 0.52205, 0],
						"1.0833": [0, 0.70662, 0],
						"1.1667": [0, 0.84366, 0],
						"1.25": [0, 0.9, 0],
						"1.2917": [0, 0.82682, 0],
						"1.4583": [0, 0.66621, 0],
						"1.5417": [0, 0.4641, 0],
						"1.5833": [0, 0.25121, 0],
						"1.75": [0, 0.1, 0]
					}
				},
				"right_leg_2": {
					"rotation": {
						"0.0": [37.5, 0, 0],
						"0.0833": [36.98174, 0, 0],
						"0.125": [35.26511, 0, 0],
						"0.2083": [32.04228, 0, 0],
						"0.2917": [26.91862, 0, 0],
						"0.375": [19.43628, 0, 0],
						"0.4167": [9.31679, 0, 0],
						"0.5833": [-14.94481, 0, 0],
						"0.6667": [-24.54296, 0, 0],
						"0.7083": [-30.78123, 0, 0],
						"0.7917": [-34.04467, 0, 0],
						"0.875": [-35, 0, 0],
						"0.9583": [-33.96743, 0, 0],
						"1.0": [-29.88678, 0, 0],
						"1.0833": [-20.22649, 0, 0],
						"1.1667": [-3.78251, 0, 0],
						"1.25": [11.32068, 0, 0],
						"1.2917": [21.25675, 0, 0],
						"1.375": [27.67965, 0, 0],
						"1.4583": [31.90235, 0, 0],
						"1.5417": [34.64848, 0, 0],
						"1.5833": [36.33773, 0, 0],
						"1.6667": [37.23071, 0, 0],
						"1.75": [37.5, 0, 0]
					},
					"position": {
						"0.0": [0, 0.35, 0],
						"0.0833": [0, 0.43394, 0],
						"0.2917": [0, 0.83056, 0],
						"0.375": [0, 0.9, 0],
						"0.5": [0, 0.82682, 0],
						"0.5833": [0, 0.66621, 0],
						"0.6667": [0, 0.4641, 0],
						"0.7917": [0, 0.25121, 0],
						"0.875": [0, 0.1, 0],
						"1.0833": [0, 0.03542, 0],
						"1.1667": [0, 0.01831, 0],
						"1.25": [0, 0.02, 0],
						"1.2917": [0, 0.05498, 0],
						"1.4583": [0, 0.1695, 0],
						"1.5417": [0, 0.35, 0],
						"1.5833": [0, 0.36105, 0],
						"1.75": [0, 0.35, 0]
					}
				},
				"left_leg_1": {
					"rotation": {
						"0.0": [37.5, 0, 0],
						"0.0833": [36.98174, 0, 0],
						"0.125": [35.26511, 0, 0],
						"0.2083": [32.04228, 0, 0],
						"0.2917": [26.91862, 0, 0],
						"0.375": [19.43628, 0, 0],
						"0.4167": [9.31679, 0, 0],
						"0.5833": [-14.94481, 0, 0],
						"0.6667": [-24.54296, 0, 0],
						"0.7083": [-30.78123, 0, 0],
						"0.7917": [-34.04467, 0, 0],
						"0.875": [-35, 0, 0],
						"0.9583": [-33.96743, 0, 0],
						"1.0": [-29.88678, 0, 0],
						"1.0833": [-20.22649, 0, 0],
						"1.1667": [-3.78251, 0, 0],
						"1.25": [11.32068, 0, 0],
						"1.2917": [21.25675, 0, 0],
						"1.375": [27.67965, 0, 0],
						"1.4583": [31.90235, 0, 0],
						"1.5417": [34.64848, 0, 0],
						"1.5833": [36.33773, 0, 0],
						"1.6667": [37.23071, 0, 0],
						"1.75": [37.5, 0, 0]
					},
					"position": {
						"0.0": [0, 0.35, 0],
						"0.0833": [0, 0.43394, 0],
						"0.2917": [0, 0.83056, 0],
						"0.375": [0, 0.9, 0],
						"0.5": [0, 0.82682, 0],
						"0.5833": [0, 0.66621, 0],
						"0.6667": [0, 0.4641, 0],
						"0.7917": [0, 0.25121, 0],
						"0.875": [0, 0.1, 0],
						"1.0833": [0, 0.03542, 0],
						"1.1667": [0, 0.01831, 0],
						"1.25": [0, 0.02, 0],
						"1.2917": [0, 0.05498, 0],
						"1.4583": [0, 0.1695, 0],
						"1.5417": [0, 0.35, 0],
						"1.5833": [0, 0.36105, 0],
						"1.75": [0, 0.35, 0]
					}
				},
				"right_leg_1": {
					"rotation": {
						"0.0": [-35, 0, 0],
						"0.0833": [-33.96743, 0, 0],
						"0.125": [-29.88678, 0, 0],
						"0.2083": [-20.22649, 0, 0],
						"0.2917": [-3.78251, 0, 0],
						"0.375": [11.32068, 0, 0],
						"0.4167": [21.25675, 0, 0],
						"0.5": [27.67965, 0, 0],
						"0.5833": [31.90235, 0, 0],
						"0.6667": [34.64848, 0, 0],
						"0.7083": [36.33773, 0, 0],
						"0.7917": [37.23071, 0, 0],
						"0.875": [37.5, 0, 0],
						"0.9583": [37.23071, 0, 0],
						"1.0": [36.33773, 0, 0],
						"1.0833": [34.64848, 0, 0],
						"1.1667": [31.90235, 0, 0],
						"1.25": [27.67965, 0, 0],
						"1.2917": [21.25675, 0, 0],
						"1.375": [11.32068, 0, 0],
						"1.4583": [-3.78251, 0, 0],
						"1.5417": [-20.22649, 0, 0],
						"1.5833": [-29.88678, 0, 0],
						"1.6667": [-33.96743, 0, 0],
						"1.75": [-35, 0, 0]
					},
					"position": {
						"0.0": [0, 0.1, 0],
						"0.2083": [0, 0.03542, 0],
						"0.2917": [0, 0.01831, 0],
						"0.375": [0, 0.02, 0],
						"0.5": [0, 0.05498, 0],
						"0.5833": [0, 0.1695, 0],
						"0.6667": [0, 0.35, 0],
						"0.7917": [0, 0.36105, 0],
						"0.875": [0, 0.35, 0],
						"0.9583": [0, 0.52205, 0],
						"1.0833": [0, 0.70662, 0],
						"1.1667": [0, 0.84366, 0],
						"1.25": [0, 0.9, 0],
						"1.2917": [0, 0.82682, 0],
						"1.4583": [0, 0.66621, 0],
						"1.5417": [0, 0.4641, 0],
						"1.5833": [0, 0.25121, 0],
						"1.75": [0, 0.1, 0]
					}
				},
				"head": {
					"rotation": {
						"0.0": [-5, 0, 0],
						"0.0833": [-4.74825, 0, -0.10884],
						"0.125": [-3.73321, 0, -0.6479],
						"0.2083": [-1.45318, 0, -1.8521],
						"0.2917": [0.73608, 0, -2.39116],
						"0.375": [1.3, 0, -2.5],
						"0.4167": [0.88943, 0, -2.40865],
						"0.5": [-0.2035, 0, -2.1029],
						"0.5833": [-1.63909, 0, -1.57085],
						"0.6667": [-3.03509, 0, -0.92915],
						"0.7083": [-4.12331, 0, -0.3971],
						"0.7917": [-4.78451, 0, -0.09135],
						"0.875": [-5, 0, 0],
						"0.9583": [-4.74825, 0, -0.10884],
						"1.0": [-3.73321, 0, -0.6479],
						"1.0833": [-1.45318, 0, -1.8521],
						"1.1667": [0.73608, 0, -2.39116],
						"1.25": [1.3, 0, -2.5],
						"1.2917": [0.88943, 0, -2.40865],
						"1.375": [-0.2035, 0, -2.1029],
						"1.4583": [-1.63909, 0, -1.57085],
						"1.5417": [-3.03509, 0, -0.92915],
						"1.5833": [-4.12331, 0, -0.3971],
						"1.6667": [-4.78451, 0, -0.09135],
						"1.75": [-5, 0, 0]
					}
				}
			}
		}
	}
}