{
	"format_version": "1.8.0",
	"animations": {
		"animation.jellyfish.idle": {
			"loop": true,
			"animation_length": 2,
			"bones": {
				"short_tentacle_1": {
					"rotation": {
						"0.0": [1, 0, 0],
						"0.5": [-1, 0, 0],
						"0.9167": [-1.23634, 0, 0.73892],
						"1.0": [-1, 0, 1],
						"1.5": [1, 0, 1],
						"1.9167": [1.26128, 0, 0.03364],
						"2.0": [1, 0, 0]
					}
				},
				"short_tentacle_2": {
					"rotation": {
						"0.0": [1, 0, 0],
						"0.5": [-1, 0, 0],
						"0.9167": [-1.23634, 0, 0.73892],
						"1.0": [-1, 0, 1],
						"1.5": [1, 0, 1],
						"1.9167": [1.26128, 0, 0.03364],
						"2.0": [1, 0, 0]
					}
				},
				"short_tentacle_3": {
					"rotation": {
						"0.0": [1, 0, 0],
						"0.5": [-1, 0, 0],
						"0.9167": [-1.23634, 0, 0.73892],
						"1.0": [-1, 0, 1],
						"1.5": [1, 0, 1],
						"1.9167": [1.26128, 0, 0.03364],
						"2.0": [1, 0, 0]
					}
				},
				"short_tentacle_4": {
					"rotation": {
						"0.0": [1, 0, 0],
						"0.5": [-1, 0, 0],
						"0.9167": [-1.23634, 0, 0.73892],
						"1.0": [-1, 0, 1],
						"1.5": [1, 0, 1],
						"1.9167": [1.26128, 0, 0.03364],
						"2.0": [1, 0, 0]
					}
				},
				"long_tentacle_1": {
					"rotation": {
						"0.0": [-1, 0, 0],
						"0.5": [1, 0, 0],
						"0.9167": [1.23634, 0, 0.73892],
						"1.0": [1, 0, 1],
						"1.5": [-1, 0, 1],
						"1.9167": [-1.26128, 0, 0.03364],
						"2.0": [-1, 0, 0]
					}
				},
				"long_tentacle_2": {
					"rotation": {
						"0.0": [1, 0, 0],
						"0.5": [-1, 0, 0],
						"0.9167": [-1.23634, 0, 0.73892],
						"1.0": [-1, 0, 1],
						"1.5": [1, 0, 1],
						"1.9167": [1.26128, 0, 0.03364],
						"2.0": [1, 0, 0]
					}
				},
				"long_tentacle_3": {
					"rotation": {
						"0.0": [-1, 0, 0],
						"0.5": [1, 0, 0],
						"0.9167": [1.23634, 0, 0.73892],
						"1.0": [1, 0, 1],
						"1.5": [-1, 0, 1],
						"1.9167": [-1.26128, 0, 0.03364],
						"2.0": [-1, 0, 0]
					}
				},
				"long_tentacle_4": {
					"rotation": {
						"0.0": [1, 0, 0],
						"0.5": [-1, 0, 0],
						"0.9167": [-1.23634, 0, -0.73892],
						"1.0": [-1, 0, -1],
						"1.5": [1, 0, -1],
						"1.9167": [1.26128, 0, -0.03364],
						"2.0": [1, 0, 0]
					}
				},
				"main_tentacles": {
					"rotation": {
						"0.0": [1, 0, 0],
						"0.5": [-1, 0, 0],
						"0.9167": [-1.23634, 0, 0.73892],
						"1.0": [-1, 0, 1],
						"1.5": [1, 0, 1],
						"1.9167": [1.26128, 0, 0.03364],
						"2.0": [1, 0, 0]
					}
				}
			}
		},
		"animation.jellyfish.swim": {
			"loop": true,
			"animation_length": 2,
			"bones": {
				"body": {
					"position": {
						"0.0": [0, 0.25, 0],
						"0.5417": [0, -0.14583, 0],
						"1.0833": [0, -0.68391, 0],
						"1.375": [0, -0.94069, 0],
						"1.4583": [0, -0.98991, 0],
						"1.5": [0, -1, 0],
						"1.5417": [0, -0.98421, 0],
						"1.5833": [0, -0.9306, 0],
						"1.625": [0, -0.82864, 0],
						"1.6667": [0, -0.67137, 0],
						"1.75": [0, -0.25903, 0],
						"1.7917": [0, -0.07884, 0],
						"1.8333": [0, 0.05668, 0],
						"1.875": [0, 0.15017, 0],
						"1.9167": [0, 0.2091, 0],
						"1.9583": [0, 0.24051, 0],
						"2.0": [0, 0.25, 0]
					},
					"scale": {
						"0.0": [1, 1.1, 1],
						"0.5417": [1.0535, 1.02174, 1.0535],
						"1.0833": [1.14879, 0.88121, 1.14879],
						"1.4167": [1.19621, 0.80673, 1.19621],
						"1.5": [1.2, 0.8, 1.2],
						"1.5417": [1.19857, 0.80286, 1.19857],
						"1.5833": [1.19299, 0.81448, 1.19299],
						"1.625": [1.17903, 0.84632, 1.17903],
						"1.6667": [1.13969, 0.93306, 1.13969],
						"1.7083": [1.06981, 1.00966, 1.06981],
						"1.75": [1.03826, 1.04699, 1.03826],
						"1.7917": [1.02191, 1.06872, 1.02191],
						"2.0": [1, 1.1, 1]
					}
				},
				"jellyfish": {
					"position": {
						"0.0": [0, 0, 0],
						"0.5417": [0, -0.38397, 0],
						"1.0833": [0, -0.78249, 0],
						"1.4167": [0, -0.97886, 0],
						"1.5": [0, -1, 0],
						"1.5417": [0, -0.98998, 0],
						"1.5833": [0, -0.95738, 0],
						"1.625": [0, -0.89798, 0],
						"1.6667": [0, -0.80798, 0],
						"1.7083": [0, -0.68636, 0],
						"1.7917": [0, -0.38356, 0],
						"1.8333": [0, -0.24161, 0],
						"1.875": [0, -0.13011, 0],
						"1.9167": [0, -0.05454, 0],
						"1.9583": [0, -0.01279, 0],
						"2.0": [0, 0, 0]
					}
				},
				"short_tentacle_1": {
					"rotation": {
						"0.0": [0, 0, 0],
						"0.0417": [-0.23992, 0, 0],
						"0.5833": [-5.71648, 0, 0],
						"1.125": [-11.49031, 0, 0],
						"1.4583": [-14.76008, 0, 0],
						"1.5": [-15, 0, 0],
						"1.5417": [-14.45393, 0, 0],
						"1.5833": [-13.36541, 0, 0],
						"1.625": [-12.03852, 0, 0],
						"1.8333": [-4.41684, 0, 0],
						"1.875": [-2.96148, 0, 0],
						"1.9167": [-1.63459, 0, 0],
						"1.9583": [-0.54607, 0, 0],
						"2.0": [0, 0, 0]
					}
				},
				"short_tentacle_2": {
					"rotation": {
						"0.0": [0, 0, 0],
						"0.0417": [0, 0, 0.25562],
						"0.5833": [0, 0, 6.13217],
						"1.125": [0, 0, 12.03735],
						"1.4167": [0, 0, 14.64351],
						"1.4583": [0, 0, 14.8831],
						"1.5": [0, 0, 15],
						"1.5417": [0, 0, 14.80586],
						"1.5833": [0, 0, 14.16111],
						"1.625": [0, 0, 12.97007],
						"1.6667": [0, 0, 11.18483],
						"1.7083": [0, 0, 8.91428],
						"1.75": [0, 0, 6.49073],
						"1.7917": [0, 0, 4.30691],
						"1.8333": [0, 0, 2.58348],
						"1.875": [0, 0, 1.35257],
						"1.9167": [0, 0, 0.55948],
						"1.9583": [0, 0, 0.13045],
						"2.0": [0, 0, 0]
					}
				},
				"short_tentacle_3": {
					"rotation": {
						"0.0": [0, 0, 0],
						"0.0417": [0.23992, 0, 0],
						"0.5833": [5.71648, 0, 0],
						"1.125": [11.49031, 0, 0],
						"1.4583": [14.76008, 0, 0],
						"1.5": [15, 0, 0],
						"1.5417": [14.45393, 0, 0],
						"1.5833": [13.36541, 0, 0],
						"1.625": [12.03852, 0, 0],
						"1.8333": [4.41684, 0, 0],
						"1.875": [2.96148, 0, 0],
						"1.9167": [1.63459, 0, 0],
						"1.9583": [0.54607, 0, 0],
						"2.0": [0, 0, 0]
					}
				},
				"short_tentacle_4": {
					"rotation": {
						"0.0": [0, 0, 0],
						"0.0417": [0, 0, -0.25562],
						"0.5833": [0, 0, -6.13217],
						"1.125": [0, 0, -12.03735],
						"1.4167": [0, 0, -14.64351],
						"1.4583": [0, 0, -14.8831],
						"1.5": [0, 0, -15],
						"1.5417": [0, 0, -14.80586],
						"1.5833": [0, 0, -14.16111],
						"1.625": [0, 0, -12.97007],
						"1.6667": [0, 0, -11.18483],
						"1.7083": [0, 0, -8.91428],
						"1.75": [0, 0, -6.49073],
						"1.7917": [0, 0, -4.30691],
						"1.8333": [0, 0, -2.58348],
						"1.875": [0, 0, -1.35257],
						"1.9167": [0, 0, -0.55948],
						"1.9583": [0, 0, -0.13045],
						"2.0": [0, 0, 0]
					}
				},
				"long_tentacle_1": {
					"rotation": {
						"0.0": [0, 0, 0],
						"0.5417": [-1.7574, 0, 1.7574],
						"1.0833": [-3.6842, 0, 3.6842],
						"1.4583": [-4.92003, 0, 4.92003],
						"1.5": [-5, 0, 5],
						"1.5417": [-4.81798, 0, 4.7606],
						"1.5833": [-4.45514, 0, 4.21077],
						"1.75": [-2.5, 0, 1.59476],
						"1.9167": [-0.54486, 0, 0.16836],
						"1.9583": [-0.18202, 0, 0.04147],
						"2.0": [0, 0, 0]
					}
				},
				"long_tentacle_2": {
					"rotation": {
						"0.0": [0, 0, 0],
						"0.5417": [1.7574, 0, 1.7574],
						"1.0833": [3.6842, 0, 3.6842],
						"1.4583": [4.92003, 0, 4.92003],
						"1.5": [5, 0, 5],
						"1.5417": [4.81798, 0, 4.7606],
						"1.5833": [4.45514, 0, 4.21077],
						"1.75": [2.5, 0, 1.59476],
						"1.9167": [0.54486, 0, 0.16836],
						"1.9583": [0.18202, 0, 0.04147],
						"2.0": [0, 0, 0]
					}
				},
				"long_tentacle_3": {
					"rotation": {
						"0.0": [0, 0, 0],
						"0.5417": [1.7574, 0, -1.7574],
						"1.0833": [3.6842, 0, -3.6842],
						"1.4583": [4.92003, 0, -4.92003],
						"1.5": [5, 0, -5],
						"1.5417": [4.81798, 0, -4.7606],
						"1.5833": [4.45514, 0, -4.21077],
						"1.75": [2.5, 0, -1.59476],
						"1.9167": [0.54486, 0, -0.16836],
						"1.9583": [0.18202, 0, -0.04147],
						"2.0": [0, 0, 0]
					}
				},
				"long_tentacle_4": {
					"rotation": {
						"0.0": [0, 0, 0],