{
  "format_version": "1.8.0",
  "animations": {
    "animation.kiwi.walk": {
      "loop": true,
      "animation_length": 0.75,
      "bones": {
        "body": {
          "rotation": {
            "0.0": [2.5, 0, 0],
            "0.0417": [2.29725, 0, -3.4766],
            "0.0833": [1.25, 0, -5.74486],
            "0.125": [0.20275, 0, -7.06485],
            "0.1667": [0, 0, -7.5],
            "0.2083": [0.17113, 0, -7.1091],
            "0.25": [0.78769, 0, -6.06734],
            "0.2917": [1.71231, 0, -4.50419],
            "0.3333": [2.32887, 0, -2.48717],
            "0.375": [2.5, 0, 0],
            "0.4167": [2.29725, 0, 3.4766],
            "0.4583": [1.25, 0, 5.74486],
            "0.5": [0.20275, 0, 7.06485],
            "0.5417": [0, 0, 7.5],
            "0.5833": [0.17113, 0, 7.1091],
            "0.625": [0.78769, 0, 6.06734],
            "0.6667": [1.71231, 0, 4.50419],
            "0.7083": [2.32887, 0, 2.48717],
            "0.75": [2.5, 0, 0]
          },
          "position": [0, -0.49952, 0.02181]
        },
        "head": {
          "rotation": {
            "0.0": [0, 0, 0],
            "0.0417": [-0.60881, 0.20101, -0.02648],
            "0.125": [-6.89825, 2.27759, -0.30004],
            "0.1667": [-7.50706, 2.4786, -0.32652],
            "0.2083": [-6.99318, 2.30893, -0.30417],
            "0.25": [-5.14178, 1.69765, -0.22364],
            "0.2917": [-2.36529, 0.78094, -0.10288],
            "0.3333": [-0.51388, 0.16967, -0.02235],
            "0.375": [0, 0, 0],
            "0.4167": [-0.60881, -0.20101, 0.02648],
            "0.5": [-6.89825, -2.27759, 0.30004],
            "0.5417": [-7.50706, -2.4786, 0.32652],
            "0.5833": [-6.99318, -2.30893, 0.30417],
            "0.625": [-5.14178, -1.69765, 0.22364],
            "0.6667": [-2.36529, -0.78094, 0.10288],
            "0.7083": [-0.51388, -0.16967, 0.02235],
            "0.75": [0, 0, 0]
          }
        },
        "left_leg": {
          "rotation": {
            "0.0": [37.5, 0, 0],
            "0.0417": [36.75471, 0, 0],
            "0.0833": [34.14312, 0, 0],
            "0.125": [28.58549, 0, 0],
            "0.1667": [14.5, 0, 0],
            "0.2083": [-5.5056, 0, 0],
            "0.25": [-18.53745, 0, 0],
            "0.2917": [-27.54081, 0, 0],
            "0.3333": [-32.98455, 0, 0],
            "0.375": [-35, 0, 0],
            "0.4167": [-34.34348, 0, 0],
            "0.4583": [-30.30856, 0, 0],
            "0.5": [-18.25111, 0, 0],
            "0.5417": [-3.28, 0, 0],
            "0.5833": [7.9795, 0, 0],
            "0.625": [18.38238, 0, 0],
            "0.6667": [27.42945, 0, 0],
            "0.7083": [34.36791, 0, 0],
            "0.75": [37.5, 0, 0]
          },
          "position": {
            "0.0": [0, 0.35, 0],
            "0.0417": [0, 0.43394, 0],
            "0.125": [0, 0.83056, 0],
            "0.1667": [0, 0.9, 0],
            "0.2083": [0, 0.82682, 0],
            "0.25": [0, 0.66621, 0],
            "0.2917": [0, 0.4641, 0],
            "0.3333": [0, 0.25121, 0],
            "0.375": [0, 0.1, 0],
            "0.4583": [0, 0.03542, 0],
            "0.5": [0, 0.01831, 0],
            "0.5417": [0, 0.02, 0],
            "0.5833": [0, 0.05498, 0],
            "0.625": [0, 0.1695, 0],
            "0.6667": [0, 0.35, 0],
            "0.7083": [0, 0.36105, 0],
            "0.75": [0, 0.35, 0]
          }
        },
        "right_leg": {
          "rotation": {
            "0.0": [-35, 0, 0],
            "0.0417": [-34.34348, 0, 0],
            "0.0833": [-30.30856, 0, 0],
            "0.125": [-18.25111, 0, 0],
            "0.1667": [-3.28, 0, 0],
            "0.2083": [7.9795, 0, 0],
            "0.25": [18.38238, 0, 0],
            "0.2917": [27.42945, 0, 0],
            "0.3333": [34.36791, 0, 0],
            "0.375": [37.5, 0, 0],
            "0.4167": [35.77349, 0, 0],
            "0.4583": [31.73302, 0, 0],
            "0.5": [25.7291, 0, 0],
            "0.5417": [14.5, 0, 0],
            "0.5833": [-5.5056, 0, 0],
            "0.625": [-18.53745, 0, 0],
            "0.6667": [-27.54081, 0, 0],
            "0.7083": [-32.98455, 0, 0],
            "0.75": [-35, 0, 0]
          },
          "position": {
            "0.0": [0, 0.1, 0],
            "0.0833": [0, 0.03542, 0],
            "0.125": [0, 0.01831, 0],
            "0.1667": [0, 0.02, 0],
            "0.2083": [0, 0.05498, 0],
            "0.25": [0, 0.1695, 0],
            "0.2917": [0, 0.35, 0],
            "0.3333": [0, 0.36105, 0],
            "0.375": [0, 0.35, 0],
            "0.4167": [0, 0.52205, 0],
            "0.4583": [0, 0.70662, 0],
            "0.5": [0, 0.84366, 0],
            "0.5417": [0, 0.9, 0],
            "0.5833": [0, 0.82682, 0],
            "0.625": [0, 0.66621, 0],
            "0.6667": [0, 0.4641, 0],
            "0.7083": [0, 0.25121, 0],
            "0.75": [0, 0.1, 0]
          }
        }
      }
    },
    "animation.kiwi.idle": {
      "loop": true
    }
  }
}