{
  "format_version": "1.8.0",
  "animations": {
    "animation.ostrich.walk": {
      "loop": true,
      "animation_length": 1,
      "bones": {
        "left_leg": {
          "rotation": {
            "0.0": [-5, 0, 0],
            "0.0417": [-4.53469, 0, 0],
            "0.0833": [-3.57043, 0, 0],
            "0.125": [-2.16006, 0, 0],
            "0.1667": [-0.34698, 0, 0],
            "0.2083": [1.83388, 0, 0],
            "0.25": [4.35324, 0, 0],
            "0.2917": [7.18741, 0, 0],
            "0.3333": [10.31639, 0, 0],
            "0.375": [13.7238, 0, 0],
            "0.4167": [17.39667, 0, 0],
            "0.4583": [21.3246, 0, 0],
            "0.5": [25.5, 0, 0],
            "0.5417": [29.90504, 0, 0],
            "0.5833": [34.52503, 0, 0],
            "0.625": [38.8564, 0, 0],
            "0.6667": [38.89027, 0, 0],
            "0.7083": [36.49, 0, 0],
            "0.75": [31.58762, 0, 0],
            "0.7917": [21.56868, 0, 0],
            "0.8333": [10.73194, 0, 0],
            "0.875": [2.96894, 0, 0],
            "0.9167": [-1.71431, 0, 0],
            "0.9583": [-4.15727, 0, 0],
            "1.0": [-5, 0, 0]
          }
        },
        "right_leg": {
          "rotation": {
            "0.0": [25.5, 0, 0],
            "0.0417": [29.90504, 0, 0],
            "0.0833": [34.52503, 0, 0],
            "0.125": [38.8564, 0, 0],
            "0.1667": [38.89027, 0, 0],
            "0.2083": [36.49, 0, 0],
            "0.25": [31.58762, 0, 0],
            "0.2917": [21.56868, 0, 0],
            "0.3333": [10.73194, 0, 0],
            "0.375": [2.96894, 0, 0],
            "0.4167": [-1.71431, 0, 0],
            "0.4583": [-4.15727, 0, 0],
            "0.5": [-5, 0, 0],
            "0.5417": [-4.93532, 0, 0],
            "0.5833": [-4.34799, 0, 0],
            "0.625": [-3.24122, 0, 0],
            "0.6667": [-1.62473, 0, 0],
            "0.7083": [0.48278, 0, 0],
            "0.75": [3.05428, 0, 0],
            "0.7917": [6.05192, 0, 0],
            "0.8333": [9.42876, 0, 0],
            "0.875": [13.12874, 0, 0],
            "0.9167": [17.08761, 0, 0],
            "0.9583": [21.23586, 0, 0],
            "1.0": [25.5, 0, 0]
          }
        },
        "head": {
          "rotation": {
            "0.0": [-5, 0, 0],
            "0.0417": [-4.55076, 0, 0],
            "0.0833": [-3.21173, 0, 0],
            "0.1667": [0.71173, 0, 0],
            "0.2083": [2.05076, 0, 0],
            "0.25": [2.5, 0, 0],
            "0.2917": [2.05076, 0, 0],
            "0.3333": [0.71173, 0, 0],
            "0.4167": [-3.21173, 0, 0],
            "0.4583": [-4.55076, 0, 0],
            "0.5": [-5, 0, 0],
            "0.5417": [-4.55076, 0, 0],
            "0.5833": [-3.21173, 0, 0],
            "0.6667": [0.71173, 0, 0],
            "0.7083": [2.05076, 0, 0],
            "0.75": [2.5, 0, 0],
            "0.7917": [2.05076, 0, 0],
            "0.8333": [0.71173, 0, 0],
            "0.9167": [-3.21173, 0, 0],
            "0.9583": [-4.55076, 0, 0],
            "1.0": [-5, 0, 0]
          }
        },
        "neck": {
          "rotation": {
            "0.0": [0, 0, 0],
            "0.0417": [0.14975, 0, 0],
            "0.0833": [0.59609, 0, 0],
            "0.1667": [1.90391, 0, 0],
            "0.2083": [2.35025, 0, 0],
            "0.25": [2.5, 0, 0],
            "0.2917": [2.35025, 0, 0],
            "0.3333": [1.90391, 0, 0],
            "0.4167": [0.59609, 0, 0],
            "0.4583": [0.14975, 0, 0],
            "0.5": [0, 0, 0],
            "0.5417": [0.14975, 0, 0],
            "0.5833": [0.59609, 0, 0],
            "0.6667": [1.90391, 0, 0],
            "0.7083": [2.35025, 0, 0],
            "0.75": [2.5, 0, 0],
            "0.7917": [2.35025, 0, 0],
            "0.8333": [1.90391, 0, 0],
            "0.9167": [0.59609, 0, 0],
            "0.9583": [0.14975, 0, 0],
            "1.0": [0, 0, 0]
          }
        },
        "body": {
          "rotation": {
            "0.0": [0, 2.5, 0],
            "0.0417": [0, 2.4083, 0],
            "0.0833": [0, 2.1477, 0],
            "0.125": [0, 1.74398, 0],
            "0.3333": [0, -1.22766, 0],
            "0.375": [0, -1.74398, 0],
            "0.4167": [0, -2.1477, 0],
            "0.4583": [0, -2.4083, 0],
            "0.5": [0, -2.5, 0],
            "0.5417": [0, -2.4083, 0],
            "0.5833": [0, -2.1477, 0],
            "0.625": [0, -1.74398, 0],
            "0.8333": [0, 1.22766, 0],
            "0.875": [0, 1.74398, 0],
            "0.9167": [0, 2.1477, 0],
            "0.9583": [0, 2.4083, 0],
            "1.0": [0, 2.5, 0]
          },
          "position": {
            "0.0": [0, -1, 0],
            "0.0417": [0, -0.92361, 0],
            "0.0833": [0, -0.6255, 0],
            "0.125": [0, -0.28771, 0],
            "0.1667": [0, -0.10361, 0],
            "0.2083": [0, -0.02185, 0],
            "0.25": [0, 0, 0],
            "0.2917": [0, -0.02185, 0],
            "0.3333": [0, -0.10361, 0],
            "0.375": [0, -0.28771, 0],
            "0.4167": [0, -0.6255, 0],
            "0.4583": [0, -0.92361, 0],
            "0.5": [0, -1, 0],
            "0.5417": [0, -0.92361, 0],
            "0.5833": [0, -0.6255, 0],
            "0.625": [0, -0.28771, 0],
            "0.6667": [0, -0.10361, 0],
            "0.7083": [0, -0.02185, 0],
            "0.75": [0, 0, 0],
            "0.7917": [0, -0.02185, 0],
            "0.8333": [0, -0.10361, 0],
            "0.875": [0, -0.28771, 0],
            "0.9167": [0, -0.6255, 0],
            "0.9583": [0, -0.92361, 0],
            "1.0": [0, -1, 0]
          }
        },
        "left_knee": {
          "rotation": {
            "0.0": [-19, 0, 0],
            "0.0417": [-15.11662, 0, 0],
            "0.2083": [2.04148, 0, 0],
            "0.25": [6.14961, 0, 0],
            "0.2917": [10.10167, 0, 0],
            "0.3333": [13.84389, 0, 0],
            "0.375": [17.29533, 0, 0],
            "0.4167": [20.31603, 0, 0],
            "0.4583": [22.61092, 0, 0],
            "0.5": [23.24, 0, 0],
            "0.5417": [21.16724, 0, 0],
            "0.5833": [17.21506, 0, 0],
            "0.625": [11.38518, 0, 0],
            "0.6667": [4.01365, 0, 0],
            "0.7083": [-4.25832, 0, 0],
            "0.75": [-12.72, 0, 0],
            "0.7917": [-19.14093, 0, 0],
            "0.8333": [-22.55316, 0, 0],
            "0.875": [-23.79285, 0, 0],
            "0.9167": [-23.36913, 0, 0],
            "0.9583": [-21.64393, 0, 0],
            "1.0": [-19, 0, 0]
          }
        },
        "right_knee": {
          "rotation": {
            "0.0": [23.24, 0, 0],
            "0.0417": [21.16724, 0, 0],
            "0.0833": [17.21506, 0, 0],
            "0.125": [11.38518, 0, 0],
            "0.1667": [4.01365, 0, 0],
            "0.2083": [-4.25832, 0, 0],
            "0.25": [-12.72, 0, 0],
            "0.2917": [-19.14093, 0, 0],
            "0.3333": [-22.55316, 0, 0],
            "0.375": [-23.79285, 0, 0],
            "0.4167": [-23.36913, 0, 0],
            "0.4583": [-21.64393, 0, 0],
            "0.5": [-19, 0, 0],
            "0.5417": [-15.11662, 0, 0],
            "0.7083": [2.04148, 0, 0],
            "0.75": [6.14961, 0, 0],
            "0.7917": [10.10167, 0, 0],
            "0.8333": [13.84389, 0, 0],
            "0.875": [17.29533, 0, 0],
            "0.9167": [20.31603, 0, 0],
            "0.9583": [22.61092, 0, 0],
            "1.0": [23.24, 0, 0]
          }
        },
        "tail": {
          "rotation": {
            "0.0": [-3.42971, 6.89579, -10.13202],
            "0.0417": [-3.20575, 6.56822, -9.52512],
            "0.0833": [-2.3913, 5.77, -7.71618],
            "0.125": [-0.7212, 4.65591, -5.06601],
            "0.1667": [1.67812, 3.30322, -2.41584],
            "0.2083": [3.46679, 1.75126, -0.6069],
            "0.25": [3.98, 0, 0],
            "0.2917": [3.46679, -1.75126, 0.6069],
            "0.3333": [1.67812, -3.30322, 2.41584],
            "0.375": [-0.7212, -4.65591, 5.06601],