{
	"format_version": "1.8.0",
	"animations": {
		"animation.penguin.walk": {
			"loop": true,
			"animation_length": 0.75,
			"bones": {
				"body": {
					"rotation": {
						"0.0": [2.50954, -4.99523, -0.21865],
						"0.0417": [2.15432, -4.7054, -2.20325],
						"0.0833": [1.25477, -3.82625, -3.49809],
						"0.125": [0.35521, -2.31552, -4.25159],
						"0.1667": [0, 0, -4.5],
						"0.2083": [0.28173, 1.65653, -4.25407],
						"0.25": [0.89808, 2.99992, -3.59864],
						"0.2917": [1.61146, 4.04104, -2.61517],
						"0.3333": [2.22781, 4.73488, -1.34616],
						"0.375": [2.50954, 4.99523, 0.21865],
						"0.4167": [2.15432, 4.7054, 2.20325],
						"0.4583": [1.25477, 3.82625, 3.49809],
						"0.5": [0.35521, 2.31552, 4.25159],
						"0.5417": [0, 0, 4.5],
						"0.5833": [0.28173, -1.65653, 4.25407],
						"0.625": [0.89808, -2.99992, 3.59864],
						"0.6667": [1.61146, -4.04104, 2.61517],
						"0.7083": [2.22781, -4.73488, 1.34616],
						"0.75": [2.50954, -4.99523, -0.21865]
					},
					"position": {
						"0.0": [0, -0.49952, 0.02181],
						"0.0417": [0, -0.42212, 0.02169],
						"0.0833": [0, -0.2361, 0.02124],
						"0.125": [0, -0.01342, 0.02057],
						"0.1667": [0, 0.1726, 0.02012],
						"0.2083": [0, 0.25, 0.02],
						"0.25": [0, 0.15319, 0.02015],
						"0.3333": [0, -0.40271, 0.02166],
						"0.375": [0, -0.49952, 0.02181],
						"0.4167": [0, -0.42212, 0.02169],
						"0.4583": [0, -0.2361, 0.02124],
						"0.5": [0, -0.01342, 0.02057],
						"0.5417": [0, 0.1726, 0.02012],
						"0.5833": [0, 0.25, 0.02],
						"0.625": [0, 0.15319, 0.02015],
						"0.7083": [0, -0.40271, 0.02166],
						"0.75": [0, -0.49952, 0.02181]
					}
				},
				"head": {
					"rotation": {
						"0.0": [0, 0, 0],
						"0.0417": [-0.55485, 0.89691, -3.6214],
						"0.0833": [-2.14786, 1.48209, -5.98414],
						"0.125": [-3.74087, 1.82262, -7.3591],
						"0.1667": [-4.29572, 1.93489, -7.81237],
						"0.2083": [-3.8521, 1.83404, -7.4052],
						"0.25": [-2.786, 1.56528, -6.32005],
						"0.2917": [-1.50971, 1.16201, -4.69178],
						"0.3333": [-0.44362, 0.64165, -2.59076],
						"0.375": [0, 0, 0],
						"0.4167": [-0.44362, -0.64165, 2.59076],
						"0.4583": [-1.50971, -1.16201, 4.69178],
						"0.5": [-2.786, -1.56528, 6.32005],
						"0.5417": [-3.8521, -1.83404, 7.4052],
						"0.5833": [-4.29572, -1.93489, 7.81237],
						"0.625": [-3.74087, -1.82262, 7.3591],
						"0.6667": [-2.14786, -1.48209, 5.98414],
						"0.7083": [-0.55485, -0.89691, 3.6214],
						"0.75": [0, 0, 0]
					}
				},
				"right_leg": {
					"rotation": {
						"0.0": [-35, 0, 0],
						"0.0417": [-34.34348, 0, 0],
						"0.0833": [-30.30856, 0, 0],
						"0.125": [-18.25111, 0, 0],
						"0.1667": [-3.28, 0, 0],
						"0.2083": [7.9795, 0, 0],
						"0.25": [18.38238, 0, 0],
						"0.2917": [27.42945, 0, 0],
						"0.3333": [34.36791, 0, 0],
						"0.375": [37.5, 0, 0],
						"0.4167": [35.77349, 0, 0],
						"0.4583": [31.73302, 0, 0],
						"0.5": [25.7291, 0, 0],
						"0.5417": [14.5, 0, 0],
						"0.5833": [-5.5056, 0, 0],
						"0.625": [-18.53745, 0, 0],
						"0.6667": [-27.54081, 0, 0],
						"0.7083": [-32.98455, 0, 0],
						"0.75": [-35, 0, 0]
					},
					"position": {
						"0.0": [0, 0.1, 0],
						"0.0833": [0, 0.03542, 0],
						"0.125": [0, 0.01831, 0],
						"0.1667": [0, 0.02, 0],
						"0.2083": [0, 0.05498, 0],
						"0.25": [0, 0.1695, 0],
						"0.2917": [0, 0.35, 0],
						"0.3333": [0, 0.36105, 0],
						"0.375": [0, 0.35, 0],
						"0.4167": [0, 0.52205, 0],
						"0.4583": [0, 0.70662, 0],
						"0.5": [0, 0.84366, 0],
						"0.5417": [0, 0.9, 0],
						"0.5833": [0, 0.82682, 0],
						"0.625": [0, 0.66621, 0],
						"0.6667": [0, 0.4641, 0],
						"0.7083": [0, 0.25121, 0],
						"0.75": [0, 0.1, 0]
					}
				},
				"left_leg": {
					"rotation": {
						"0.0": [37.5, 0, 0],
						"0.0417": [36.75471, 0, 0],
						"0.0833": [34.14312, 0, 0],
						"0.125": [28.58549, 0, 0],
						"0.1667": [14.5, 0, 0],
						"0.2083": [-5.5056, 0, 0],
						"0.25": [-18.53745, 0, 0],
						"0.2917": [-27.54081, 0, 0],
						"0.3333": [-32.98455, 0, 0],
						"0.375": [-35, 0, 0],
						"0.4167": [-34.34348, 0, 0],
						"0.4583": [-30.30856, 0, 0],
						"0.5": [-18.25111, 0, 0],
						"0.5417": [-3.28, 0, 0],
						"0.5833": [7.9795, 0, 0],
						"0.625": [18.38238, 0, 0],
						"0.6667": [27.42945, 0, 0],
						"0.7083": [34.36791, 0, 0],
						"0.75": [37.5, 0, 0]
					},
					"position": {
						"0.0": [0, 0.35, 0],
						"0.0417": [0, 0.43394, 0],
						"0.125": [0, 0.83056, 0],
						"0.1667": [0, 0.9, 0],
						"0.2083": [0, 0.82682, 0],
						"0.25": [0, 0.66621, 0],
						"0.2917": [0, 0.4641, 0],
						"0.3333": [0, 0.25121, 0],
						"0.375": [0, 0.1, 0],
						"0.4583": [0, 0.03542, 0],
						"0.5": [0, 0.01831, 0],
						"0.5417": [0, 0.02, 0],
						"0.5833": [0, 0.05498, 0],
						"0.625": [0, 0.1695, 0],
						"0.6667": [0, 0.35, 0],
						"0.7083": [0, 0.36105, 0],
						"0.75": [0, 0.35, 0]
					}
				}
			}
		},
		"animation.penguin.idle": {
			"loop": true,
			"bones": {
				"body": {
					"rotation": [0, 0, 0],
					"position": [0, 0, 0]
				},
				"head": {
					"rotation": [0, 0, 0],
					"position": [0, 0, 0]
				},
				"right_arm": {
					"rotation": [0, 0, 0],
					"position": [0, 0, 0]
				},
				"left_arm": {
					"rotation": [0, 0, 0],
					"position": [0, 0, 0]
				},
				"right_leg": {
					"rotation": [0, 0, 0],
					"position": [0, 0, 0]
				},
				"left_leg": {
					"rotation": [0, 0, 0],
					"position": [0, 0, 0]
				}
			}
		}
	}
}