{
	"format_version": "1.8.0",
	"animations": {
		"animation.pigeon.fly": {
			"loop": true,
			"animation_length": 1,
			"bones": {
				"body": {
					"rotation": {
						"0.0": [-7.5, 0, 0],
						"0.1667": [-6.80892, 0, 0],
						"0.4167": [-3.67335, 0, 0],
						"0.4583": [-3.20728, 0, 0],
						"0.5": [-3, 0, 0],
						"0.5417": [-3.20728, 0, 0],
						"0.5833": [-3.67335, 0, 0],
						"0.75": [-5.96122, 0, 0],
						"0.9167": [-7.32738, 0, 0],
						"1.0": [-7.5, 0, 0]
					},
					"position": {
						"0.0": [0, 0, 0],
						"0.0417": [0, 0.00555, 0],
						"0.0833": [0, 0.02368, 0],
						"0.125": [0, 0.05721, 0],
						"0.1667": [0, 0.10996, 0],
						"0.2083": [0, 0.18694, 0],
						"0.25": [0, 0.29427, 0],
						"0.2917": [0, 0.43694, 0],
						"0.375": [0, 0.78167, 0],
						"0.4167": [0, 0.9103, 0],
						"0.4583": [0, 0.97993, 0],
						"0.5": [0, 1, 0],
						"0.5417": [0, 0.97993, 0],
						"0.5833": [0, 0.9103, 0],
						"0.625": [0, 0.78167, 0],
						"0.7083": [0, 0.43694, 0],
						"0.75": [0, 0.29427, 0],
						"0.7917": [0, 0.18694, 0],
						"0.8333": [0, 0.10996, 0],
						"0.875": [0, 0.05721, 0],
						"0.9167": [0, 0.02368, 0],
						"0.9583": [0, 0.00555, 0],
						"1.0": [0, 0, 0]
					}
				},
				"left_leg": {
					"rotation": {
						"0.0": [45, 0, 0],
						"0.0417": [44.80347, 0, 0],
						"0.0833": [44.16865, 0, 0],
						"0.125": [43.03469, 0, 0],
						"0.1667": [41.3845, 0, 0],
						"0.2083": [39.30342, 0, 0],
						"0.25": [37.01828, 0, 0],
						"0.2917": [34.8336, 0, 0],
						"0.3333": [32.99281, 0, 0],
						"0.375": [31.60527, 0, 0],
						"0.4167": [30.6757, 0, 0],
						"0.4583": [30.15966, 0, 0],
						"0.5": [30, 0, 0],
						"0.5417": [30.15966, 0, 0],
						"0.5833": [30.6757, 0, 0],
						"0.625": [31.60527, 0, 0],
						"0.6667": [32.99281, 0, 0],
						"0.7083": [34.8336, 0, 0],
						"0.75": [37.01828, 0, 0],
						"0.7917": [39.30342, 0, 0],
						"0.8333": [41.3845, 0, 0],
						"0.875": [43.03469, 0, 0],
						"0.9167": [44.16865, 0, 0],
						"0.9583": [44.80347, 0, 0],
						"1.0": [45, 0, 0]
					},
					"position": {
						"0.0": [0, 0, 0],
						"0.0417": [0, 0.00555, 0],
						"0.0833": [0, 0.02368, 0],
						"0.125": [0, 0.05721, 0],
						"0.1667": [0, 0.10996, 0],
						"0.2083": [0, 0.18694, 0],
						"0.25": [0, 0.29427, 0],
						"0.2917": [0, 0.43694, 0],
						"0.375": [0, 0.78167, 0],
						"0.4167": [0, 0.9103, 0],
						"0.4583": [0, 0.97993, 0],
						"0.5": [0, 1, 0],
						"0.5417": [0, 0.97993, 0],
						"0.5833": [0, 0.9103, 0],
						"0.625": [0, 0.78167, 0],
						"0.7083": [0, 0.43694, 0],
						"0.75": [0, 0.29427, 0],
						"0.7917": [0, 0.18694, 0],
						"0.8333": [0, 0.10996, 0],
						"0.875": [0, 0.05721, 0],
						"0.9167": [0, 0.02368, 0],
						"0.9583": [0, 0.00555, 0],
						"1.0": [0, 0, 0]
					}
				},
				"right_leg": {
					"rotation": {
						"0.0": [45, 0, 0],
						"0.0417": [44.80347, 0, 0],
						"0.0833": [44.16865, 0, 0],
						"0.125": [43.03469, 0, 0],
						"0.1667": [41.3845, 0, 0],
						"0.2083": [39.30342, 0, 0],
						"0.25": [37.01828, 0, 0],
						"0.2917": [34.8336, 0, 0],
						"0.3333": [32.99281, 0, 0],
						"0.375": [31.60527, 0, 0],
						"0.4167": [30.6757, 0, 0],
						"0.4583": [30.15966, 0, 0],
						"0.5": [30, 0, 0],
						"0.5417": [30.15966, 0, 0],
						"0.5833": [30.6757, 0, 0],
						"0.625": [31.60527, 0, 0],
						"0.6667": [32.99281, 0, 0],
						"0.7083": [34.8336, 0, 0],
						"0.75": [37.01828, 0, 0],
						"0.7917": [39.30342, 0, 0],
						"0.8333": [41.3845, 0, 0],
						"0.875": [43.03469, 0, 0],
						"0.9167": [44.16865, 0, 0],
						"0.9583": [44.80347, 0, 0],
						"1.0": [45, 0, 0]
					},
					"position": {
						"0.0": [0, 0, 0],
						"0.0417": [0, 0.00555, 0],
						"0.0833": [0, 0.02368, 0],
						"0.125": [0, 0.05721, 0],
						"0.1667": [0, 0.10996, 0],
						"0.2083": [0, 0.18694, 0],
						"0.25": [0, 0.29427, 0],
						"0.2917": [0, 0.43694, 0],
						"0.375": [0, 0.78167, 0],
						"0.4167": [0, 0.9103, 0],
						"0.4583": [0, 0.97993, 0],
						"0.5": [0, 1, 0],
						"0.5417": [0, 0.97993, 0],
						"0.5833": [0, 0.9103, 0],
						"0.625": [0, 0.78167, 0],
						"0.7083": [0, 0.43694, 0],
						"0.75": [0, 0.29427, 0],
						"0.7917": [0, 0.18694, 0],
						"0.8333": [0, 0.10996, 0],
						"0.875": [0, 0.05721, 0],
						"0.9167": [0, 0.02368, 0],
						"0.9583": [0, 0.00555, 0],
						"1.0": [0, 0, 0]
					}
				},
				"head": {
					"rotation": {
						"0.0": [20, 0, 0],
						"0.1667": [19.2575, 0, 0],
						"0.4167": [15.76136, 0, 0],
						"0.4583": [15.23324, 0, 0],
						"0.5": [15, 0, 0],
						"0.5417": [15.23324, 0, 0],
						"0.5833": [15.76136, 0, 0],
						"0.75": [18.32869, 0, 0],
						"0.9167": [19.8165, 0, 0],
						"1.0": [20, 0, 0]
					}
				},
				"right_arm": {
					"rotation": {
						"0.0": [-29.84508, 1.21277, 155.84295],
						"0.0417": [-37.79161, -0.39068, 127.71377],
						"0.0833": [-85.98078, -6.51627, 48.66222],
						"0.125": [-112.84318, -8.11971, 13.78049],
						"0.1667": [-85.98078, -6.51627, 48.66222],
						"0.2083": [-37.79161, -0.39068, 127.71377],
						"0.25": [-29.84508, 1.21277, 155.84295],
						"0.2917": [-37.79161, -0.39068, 127.71377],
						"0.3333": [-85.98078, -6.51627, 48.66222],
						"0.375": [-112.84318, -8.11971, 13.78049],
						"0.4167": [-85.98078, -6.51627, 48.66222],
						"0.4583": [-37.79161, -0.39068, 127.71377],
						"0.5": [-29.84508, 1.21277, 155.84295],
						"0.5417": [-37.79161, -0.39068, 127.71377],
						"0.5833": [-85.98078, -6.51627, 48.66222],
						"0.625": [-112.84318, -8.11971, 13.78049],
						"0.6667": [-85.98078, -6.51627, 48.66222],
						"0.7083": [-37.79161, -0.39068, 127.71377],
						"0.75": [-29.84508, 1.21277, 155.84295],
						"0.7917": [-37.79161, -0.39068, 127.71377],
						"0.8333": [-85.98078, -6.51627, 48.66222],
						"0.875": [-112.84318, -8.11971, 13.78049],
						"0.9167": [-85.98078, -6.51627, 48.66222],
						"0.9583": [-37.79161, -0.39068, 127.71377],
						"1.0": [-29.84508, 1.21277, 155.84295]
					}
				},
				"left_arm": {
					"rotation": {
						"0.0": [-29.84508, -1.21277, -155.84295],
						"0.0417": [-37.79161, 0.39068, -127.71377],
						"0.0833": [-85.98078, 6.51627, -48.66222],
						"0.125": [-112.84318, 8.11971, -13.78049],
						"0.1667": [-85.98078, 6.51627, -48.66222],
						"0.2083": [-37.79161, 0.39068, -127.71377],
						"0.25": [-29.84508, -1.21277, -155.84295],
						"0.2917": [-37.79161, 0.39068, -127.71377],
						"0.3333": [-85.98078, 6.51627, -48.66222],
						"0.375": [-112.84318, 8.11971, -13.78049],
						"0.4167": [-85.98078, 6.51627, -48.66222],
						"0.4583": [-37.79161, 0.39068, -127.71377],
						"0.5": [-29.84508, -1.21277, -155.84295],
						"0.5417": [-37.79161, 0.39068, -127.71377],
						"0.5833": [-85.98078, 6.51627, -48.66222],
						"0.625": [-112.84318, 8.11971, -13.78049],
						"0.6667": [-85.98078, 6.51627, -48.66222],
						"0.7083": [-37.79161, 0.39068, -127.71377],
						"0.75": [-29.84508, -1.21277, -155.84295],
						"0.7917": [-37.79161, 0.39068, -127.71377],
						"0.8333": [-85.98078, 6.51627, -48.66222],
						"0.875": [-112.84318, 8.11971, -13.78049],
						"0.9167": [-85.98078, 6.51627, -48.66222],
						"0.9583": [-37.79161, 0.39068, -127.71377],
						"1.0": [-29.84508, -1.21277, -155.84295]
					}
				}
			}
		},
		"animation.pigeon.peck": {
			"animation_length": 3,
			"bones": {
				"body": {
					"rotation": {
						"0.0": [0, 0, 0],
						"0.0417": [2.26663, 0, 0],
						"0.0833": [8.54969, 0, 0],
						"0.125": [17.83912, 0, 0],
						"0.1667": [28.67262, 0, 0],
						"0.2083": [38.86431, 0, 0],
						"0.25": [45, 0, 0],
						"0.2917": [45.75311, 0, 0],
						"0.3333": [46.05403, 0, 0],
						"0.875": [46.74484, 0, 0],
						"1.4167": [46.26437, 0, 0],
						"1.9583": [45.44602, 0, 0],
						"2.25": [45, 0, 0],
						"2.2917": [43.35541, 0, 0],
						"2.3333": [36.0491, 0, 0],
						"2.375": [19.19552, 0, 0],