{
	"format_version": "1.8.0",
	"animations": {
		"animation.sea_urchin.idle": {
			"loop": true
		},
		"animation.sea_urchin.wobbling": {
			"loop": true,
			"animation_length": 0.75,
			"bones": {
				"quills_6": {
					"rotation": {
						"0.0": [0, 0, 0],
						"0.0417": [-0.04861, -0.17915, -0.22755],
						"0.0833": [-0.22173, -0.53094, -0.96212],
						"0.125": [-0.56555, -0.95074, -2.22491],
						"0.2083": [-1.58334, -1.84405, -5.49493],
						"0.25": [-1.92715, -2.26385, -6.75773],
						"0.2917": [-2.10028, -2.61564, -7.4923],
						"0.3333": [-2.14888, -2.79479, -7.71985],
						"0.375": [-2.10445, -2.64608, -7.51634],
						"0.4167": [-1.9672, -2.37844, -6.94793],
						"0.4583": [-1.73745, -2.06782, -6.08854],
						"0.5": [-1.42912, -1.73688, -5.02635],
						"0.5833": [-0.71977, -1.05791, -2.6935],
						"0.625": [-0.41143, -0.72697, -1.6313],
						"0.6667": [-0.18168, -0.41635, -0.77192],
						"0.7083": [-0.04444, -0.14871, -0.20351],
						"0.75": [0, 0, 0]
					}
				},
				"quills_5": {
					"rotation": {
						"0.0": [0, 0, 0],
						"0.0417": [-0.13207, -0.24499, 0.02149],
						"0.0833": [-0.47378, -0.67186, 0.05893],
						"0.2917": [-3.47493, -3.29741, 0.28922],
						"0.375": [-4.54523, -4.30906, 0.37795],
						"0.4167": [-4.88694, -4.73593, 0.41539],
						"0.4583": [-5.019, -4.98093, 0.43688],
						"0.5": [-4.85198, -4.62329, 0.40551],
						"0.5417": [-4.26742, -3.87583, 0.33995],
						"0.5833": [-3.18507, -2.96757, 0.26029],
						"0.625": [-1.83394, -2.01336, 0.17659],
						"0.6667": [-0.75158, -1.10509, 0.09693],
						"0.7083": [-0.16702, -0.35764, 0.03137],
						"0.75": [0, 0, 0]
					}
				},
				"quills_2": {
					"rotation": {
						"0.0": [0, 0, 0],
						"0.0417": [-0.13512, 0.11394, -0.12344],
						"0.0833": [-0.48763, 0.42925, -0.33851],
						"0.125": [-0.99322, 0.90421, -0.58556],
						"0.2917": [-3.61787, 3.50041, -1.66133],
						"0.3333": [-4.22543, 4.09102, -1.92398],
						"0.375": [-4.73102, 4.56597, -2.17103],
						"0.4167": [-5.08353, 4.88129, -2.3861],
						"0.4583": [-5.21865, 4.99523, -2.50954],
						"0.5": [-5.04827, 4.85521, -2.32935],
						"0.5417": [-4.44694, 4.33013, -1.95276],
						"0.5833": [-3.31892, 3.23646, -1.49515],
						"0.625": [-1.89973, 1.75877, -1.01439],
						"0.6667": [-0.77171, 0.66509, -0.55678],
						"0.7083": [-0.17038, 0.14002, -0.18019],
						"0.75": [0, 0, 0]
					}
				},
				"quills_1": {
					"rotation": {
						"0.0": [0, 0, 0],
						"0.0417": [0.13225, 0.13901, -0.32172],
						"0.0833": [0.39194, 0.59854, -0.95348],
						"0.125": [0.70184, 1.41209, -1.70739],
						"0.2083": [1.36128, 3.56883, -3.31162],
						"0.25": [1.67118, 4.38239, -4.06552],
						"0.2917": [1.93087, 4.84191, -4.69728],
						"0.3333": [2.06312, 4.98093, -5.019],
						"0.375": [1.95334, 4.85599, -4.75194],
						"0.4167": [1.75577, 4.49888, -4.2713],
						"0.4583": [1.52647, 3.94776, -3.71347],
						"0.625": [0.53665, 1.03316, -1.30553],
						"0.6667": [0.30735, 0.48204, -0.7477],
						"0.7083": [0.10978, 0.12494, -0.26706],
						"0.75": [0, 0, 0]
					}
				},
				"quills_3": {
					"rotation": {
						"0.0": [0, 0, 0],
						"0.0417": [0.09032, -0.03116, 0.20996],
						"0.0833": [0.39201, -0.09629, 0.99735],
						"0.125": [0.91566, -0.17542, 2.63739],
						"0.1667": [1.5464, -0.25856, 4.85329],
						"0.2083": [2.07005, -0.3377, 6.49332],
						"0.25": [2.37175, -0.40283, 7.28071],
						"0.2917": [2.46207, -0.43399, 7.49067],
						"0.3333": [2.39189, -0.41264, 7.31981],
						"0.375": [2.2176, -0.37545, 6.84698],
						"0.4167": [1.97659, -0.33272, 6.13476],
						"0.4583": [1.69374, -0.2873, 5.24909],
						"0.5833": [0.76833, -0.14668, 2.24158],
						"0.625": [0.48548, -0.10126, 1.35592],
						"0.6667": [0.24447, -0.05854, 0.6437],
						"0.7083": [0.07018, -0.02135, 0.17086],
						"0.75": [0, 0, 0]
					}
				},
				"quills_4": {
					"rotation": {
						"0.0": [0, 0, 0],
						"0.0417": [-0.20035, 0.01605, 0.15191],
						"0.0833": [-0.7146, 0.044, 0.59288],
						"0.125": [-1.44332, 0.07612, 1.28756],
						"0.1667": [-2.31189, 0.11026, 2.18225],
						"0.2917": [-5.18105, 0.21596, 5.29639],
						"0.3333": [-6.04963, 0.2501, 6.19108],
						"0.375": [-6.77834, 0.28221, 6.88576],
						"0.4167": [-7.2926, 0.31017, 7.32673],
						"0.4583": [-7.49294, 0.32621, 7.47864],
						"0.5": [-7.23872, 0.30279, 7.29586],
						"0.5417": [-6.35678, 0.25384, 6.58108],
						"0.5833": [-4.74494, 0.19435, 4.94191],
						"0.625": [-2.748, 0.13186, 2.53673],
						"0.6667": [-1.13616, 0.07238, 0.89756],
						"0.7083": [-0.25422, 0.02342, 0.18278],
						"0.75": [0, 0, 0]
					}
				}
			}
		}
	}
}