{
	"format_version": "1.8.0",
	"animations": {
		"animation.vulture.walk": {
			"loop": true,
			"animation_length": 0.75,
			"bones": {
				"body": {
					"rotation": {
						"0.0": [2.5, 0, 0],
						"0.0417": [2.29725, 0, -2.08596],
						"0.0833": [1.25, 0, -3.44692],
						"0.125": [0.20275, 0, -4.23891],
						"0.1667": [0, 0, -4.5],
						"0.2083": [0.17113, 0, -4.26546],
						"0.25": [0.78769, 0, -3.64041],
						"0.2917": [1.71231, 0, -2.70251],
						"0.3333": [2.32887, 0, -1.4923],
						"0.375": [2.5, 0, 0],
						"0.4167": [2.29725, 0, 2.08596],
						"0.4583": [1.25, 0, 3.44692],
						"0.5": [0.20275, 0, 4.23891],
						"0.5417": [0, 0, 4.5],
						"0.5833": [0.17113, 0, 4.26546],
						"0.625": [0.78769, 0, 3.64041],
						"0.6667": [1.71231, 0, 2.70251],
						"0.7083": [2.32887, 0, 1.4923],
						"0.75": [2.5, 0, 0]
					},
					"position": {
						"0.0": [0, -0.49952, 0.02181],
						"0.0417": [0, -0.42212, 0.02169],
						"0.0833": [0, -0.2361, 0.02124],
						"0.125": [0, -0.01342, 0.02057],
						"0.1667": [0, 0.1726, 0.02012],
						"0.2083": [0, 0.25, 0.02],
						"0.25": [0, 0.15319, 0.02015],
						"0.3333": [0, -0.40271, 0.02166],
						"0.375": [0, -0.49952, 0.02181],
						"0.4167": [0, -0.42212, 0.02169],
						"0.4583": [0, -0.2361, 0.02124],
						"0.5": [0, -0.01342, 0.02057],
						"0.5417": [0, 0.1726, 0.02012],
						"0.5833": [0, 0.25, 0.02],
						"0.625": [0, 0.15319, 0.02015],
						"0.7083": [0, -0.40271, 0.02166],
						"0.75": [0, -0.49952, 0.02181]
					}
				},
				"neck_1": {
					"rotation": [5, 0, 0]
				},
				"head": {
					"rotation": {
						"0.0": [0, 0, 0],
						"0.0417": [-0.28165, 1.14895, -0.02648],
						"0.0833": [-1.39873, 1.89856, -0.16326],
						"0.125": [-3.27323, 2.33479, -0.30004],
						"0.1667": [-4.00706, 2.4786, -0.32652],
						"0.2083": [-3.46903, 2.34942, -0.30417],
						"0.25": [-2.22953, 2.00514, -0.22364],
						"0.2917": [-1.01291, 1.48854, -0.10288],
						"0.3333": [-0.24503, 0.82196, -0.02235],
						"0.375": [0, 0, 0],
						"0.4167": [-0.24503, -0.82196, 0.02235],
						"0.4583": [-1.01291, -1.48854, 0.10288],
						"0.5": [-2.22953, -2.00514, 0.22364],
						"0.5417": [-3.46903, -2.34942, 0.30417],
						"0.5833": [-4.00706, -2.4786, 0.32652],
						"0.625": [-3.27323, -2.33479, 0.30004],
						"0.6667": [-1.39873, -1.89856, 0.16326],
						"0.7083": [-0.28165, -1.14895, 0.02648],
						"0.75": [0, 0, 0]
					}
				},
				"left_leg": {
					"rotation": {
						"0.0": [37.5, 0, 0],
						"0.0417": [36.75471, 0, 0],
						"0.0833": [34.14312, 0, 0],
						"0.125": [28.58549, 0, 0],
						"0.1667": [14.5, 0, 0],
						"0.2083": [-5.5056, 0, 0],
						"0.25": [-18.53745, 0, 0],
						"0.2917": [-27.54081, 0, 0],
						"0.3333": [-32.98455, 0, 0],
						"0.375": [-35, 0, 0],
						"0.4167": [-34.34348, 0, 0],
						"0.4583": [-30.30856, 0, 0],
						"0.5": [-18.25111, 0, 0],
						"0.5417": [-3.28, 0, 0],
						"0.5833": [7.9795, 0, 0],
						"0.625": [18.38238, 0, 0],
						"0.6667": [27.42945, 0, 0],
						"0.7083": [34.36791, 0, 0],
						"0.75": [37.5, 0, 0]
					},
					"position": {
						"0.0": [0, 0.35, 0],
						"0.0417": [0, 0.43394, 0],
						"0.125": [0, 0.83056, 0],
						"0.1667": [0, 0.9, 0],
						"0.2083": [0, 0.82682, 0],
						"0.25": [0, 0.66621, 0],
						"0.2917": [0, 0.4641, 0],
						"0.3333": [0, 0.25121, 0],
						"0.375": [0, 0.1, 0],
						"0.4583": [0, 0.03542, 0],
						"0.5": [0, 0.01831, 0],
						"0.5417": [0, 0.02, 0],
						"0.5833": [0, 0.05498, 0],
						"0.625": [0, 0.1695, 0],
						"0.6667": [0, 0.35, 0],
						"0.7083": [0, 0.36105, 0],
						"0.75": [0, 0.35, 0]
					}
				},
				"right_leg": {
					"rotation": {
						"0.0": [-35, 0, 0],
						"0.0417": [-34.34348, 0, 0],
						"0.0833": [-30.30856, 0, 0],
						"0.125": [-18.25111, 0, 0],
						"0.1667": [-3.28, 0, 0],
						"0.2083": [7.9795, 0, 0],
						"0.25": [18.38238, 0, 0],
						"0.2917": [27.42945, 0, 0],
						"0.3333": [34.36791, 0, 0],
						"0.375": [37.5, 0, 0],
						"0.4167": [35.77349, 0, 0],
						"0.4583": [31.73302, 0, 0],
						"0.5": [25.7291, 0, 0],
						"0.5417": [14.5, 0, 0],
						"0.5833": [-5.5056, 0, 0],
						"0.625": [-18.53745, 0, 0],
						"0.6667": [-27.54081, 0, 0],
						"0.7083": [-32.98455, 0, 0],
						"0.75": [-35, 0, 0]
					},
					"position": {
						"0.0": [0, 0.1, 0],
						"0.0833": [0, 0.03542, 0],
						"0.125": [0, 0.01831, 0],
						"0.1667": [0, 0.02, 0],
						"0.2083": [0, 0.05498, 0],
						"0.25": [0, 0.1695, 0],
						"0.2917": [0, 0.35, 0],
						"0.3333": [0, 0.36105, 0],
						"0.375": [0, 0.35, 0],
						"0.4167": [0, 0.52205, 0],
						"0.4583": [0, 0.70662, 0],
						"0.5": [0, 0.84366, 0],
						"0.5417": [0, 0.9, 0],
						"0.5833": [0, 0.82682, 0],
						"0.625": [0, 0.66621, 0],
						"0.6667": [0, 0.4641, 0],
						"0.7083": [0, 0.25121, 0],
						"0.75": [0, 0.1, 0]
					}
				}
			}
		},
		"animation.vulture.fly": {
			"loop": true,
			"animation_length": 1,
			"bones": {
				"body": {
					"rotation": {
						"0.0": [-7.5, 0, 0],
						"0.1667": [-6.80892, 0, 0],
						"0.4167": [-3.67335, 0, 0],
						"0.4583": [-3.20728, 0, 0],
						"0.5": [-3, 0, 0],
						"0.5417": [-3.20728, 0, 0],
						"0.5833": [-3.67335, 0, 0],
						"0.75": [-5.96122, 0, 0],
						"0.9167": [-7.32738, 0, 0],
						"1.0": [-7.5, 0, 0]
					},
					"position": {
						"0.0": [0, 0, 0],
						"0.0417": [0, 0.00555, 0],
						"0.0833": [0, 0.02368, 0],
						"0.125": [0, 0.05721, 0],
						"0.1667": [0, 0.10996, 0],
						"0.2083": [0, 0.18694, 0],
						"0.25": [0, 0.29427, 0],
						"0.2917": [0, 0.43694, 0],
						"0.375": [0, 0.78167, 0],
						"0.4167": [0, 0.9103, 0],
						"0.4583": [0, 0.97993, 0],
						"0.5": [0, 1, 0],
						"0.5417": [0, 0.97993, 0],
						"0.5833": [0, 0.9103, 0],
						"0.625": [0, 0.78167, 0],
						"0.7083": [0, 0.43694, 0],
						"0.75": [0, 0.29427, 0],
						"0.7917": [0, 0.18694, 0],
						"0.8333": [0, 0.10996, 0],
						"0.875": [0, 0.05721, 0],
						"0.9167": [0, 0.02368, 0],
						"0.9583": [0, 0.00555, 0],
						"1.0": [0, 0, 0]
					}
				},
				"head": {
					"rotation": {
						"0.0": [20, 0, 0],
						"0.1667": [19.2575, 0, 0],
						"0.4167": [15.76136, 0, 0],
						"0.4583": [15.23324, 0, 0],
						"0.5": [15, 0, 0],
						"0.5417": [15.23324, 0, 0],
						"0.5833": [15.76136, 0, 0],
						"0.75": [18.32869, 0, 0],
						"0.9167": [19.8165, 0, 0],
						"1.0": [20, 0, 0]
					}
				},
				"right_arm": {
					"rotation": {
						"0.0": [-47.00821, 0.81442, 127.82921],
						"0.0417": [-46.68654, 0.27927, 120.69699],
						"0.0833": [-45.57104, -1.3158, 100.14193],
						"0.1667": [-41.78035, -5.98949, 41.46776],
						"0.2083": [-40.66485, -7.58456, 20.9127],
						"0.25": [-40.34318, -8.11971, 13.78049],
						"0.2917": [-40.66485, -7.58456, 20.9127],
						"0.3333": [-41.78035, -5.98949, 41.46776],
						"0.4167": [-45.57104, -1.3158, 100.14193],
						"0.4583": [-46.68654, 0.27927, 120.69699],
						"0.5": [-47.00821, 0.81442, 127.82921],
						"0.5417": [-46.68654, 0.27927, 120.69699],
						"0.5833": [-45.57104, -1.3158, 100.14193],
						"0.6667": [-41.78035, -5.98949, 41.46776],
						"0.7083": [-40.66485, -7.58456, 20.9127],
						"0.75": [-40.34318, -8.11971, 13.78049],
						"0.7917": [-40.66485, -7.58456, 20.9127],
						"0.8333": [-41.78035, -5.98949, 41.46776],
						"0.9167": [-45.57104, -1.3158, 100.14193],
						"0.9583": [-46.68654, 0.27927, 120.69699],
						"1.0": [-47.00821, 0.81442, 127.82921]
					},
					"position": [0, 0, 2]
				},
				"left_arm": {
					"rotation": {
						"0.0": [-47.00821, -0.81442, -127.82921],
						"0.0417": [-46.68654, -0.27927, -120.69699],
						"0.0833": [-45.57104, 1.3158, -100.14193],
						"0.1667": [-41.78035, 5.98949, -41.46776],
						"0.2083": [-40.66485, 7.58456, -20.9127],
						"0.25": [-40.34318, 8.11971, -13.78049],
						"0.2917": [-40.66485, 7.58456, -20.9127],
						"0.3333": [-41.78035, 5.98949, -41.46776],